DATAFLOW,FREQ,REF_AREA,DATA_TYPE,ROLE_IN_HOUSEHOLD,SEX,AGE,EDU_LEV_HIGHEST,CITIZENSHIP,NUMBER_OF_CHILDREN,AGE_OF_YOUNGEST_CHILD,TIME_PERIOD,OBS_VALUE,OBS_STATUS,NOTE_DS,NOTE_REF_AREA,NOTE_DATA_TYPE,NOTE_ROLE_IN_HOUSEHOLD,NOTE_SEX,NOTE_AGE,NOTE_EDU_LEV_HIGHEST,NOTE_CITIZENSHIP,NOTE_NUMBER_OF_CHILDREN,NOTE_AGE_OF_YOUNGEST_CHILD,NOTE_TIME_PERIOD,BASE_PER,UNIT_MEAS,UNIT_MULT
IT1:723_1040_DF_DCCV_RUOLOFAMCOND_4(1.0),A,IT,EMP_Y25-64,PA,F,Y25-49,ALL,TOTAL,N1,TOTAL,2023,1382.451,,,,,,,,,,,,,,,
IT1:723_1040_DF_DCCV_RUOLOFAMCOND_4(1.0),A,IT,EMP_Y25-64,PA,F,Y25-49,ALL,TOTAL,N1_GE,TOTAL,2023,3157.106,,,,,,,,,,,,,,,
IT1:723_1040_DF_DCCV_RUOLOFAMCOND_4(1.0),A,IT,EMP_Y25-64,PA,F,Y25-49,ALL,TOTAL,N2,TOTAL,2023,1500.284,,,,,,,,,,,,,,,
IT1:723_1040_DF_DCCV_RUOLOFAMCOND_4(1.0),A,IT,EMP_Y25-64,PA,F,Y25-49,ALL,TOTAL,N3_GE,TOTAL,2023,274.372,,,,,,,,,,,,,,,
IT1:723_1040_DF_DCCV_RUOLOFAMCOND_4(1.0),A,IT,EMP_Y25-64,PA,F,Y25-64,ALL,TOTAL,N1,TOTAL,2023,2579.432,,,,,,,,,,,,,,,
IT1:723_1040_DF_DCCV_RUOLOFAMCOND_4(1.0),A,IT,EMP_Y25-64,PA,F,Y25-64,ALL,TOTAL,N1_GE,TOTAL,2023,5361.701,,,,,,,,,,,,,,,
IT1:723_1040_DF_DCCV_RUOLOFAMCOND_4(1.0),A,IT,EMP_Y25-64,PA,F,Y25-64,ALL,TOTAL,N2,TOTAL,2023,2374.703,,,,,,,,,,,,,,,
IT1:723_1040_DF_DCCV_RUOLOFAMCOND_4(1.0),A,IT,EMP_Y25-64,PA,F,Y25-64,ALL,TOTAL,N3_GE,TOTAL,2023,407.566,,,,,,,,,,,,,,,
IT1:723_1040_DF_DCCV_RUOLOFAMCOND_4(1.0),A,IT,EMP_Y25-64,PA,M,Y25-49,ALL,TOTAL,N1,TOTAL,2023,1386.228,,,,,,,,,,,,,,,
IT1:723_1040_DF_DCCV_RUOLOFAMCOND_4(1.0),A,IT,EMP_Y25-64,PA,M,Y25-49,ALL,TOTAL,N1_GE,TOTAL,2023,3436.45,,,,,,,,,,,,,,,
IT1:723_1040_DF_DCCV_RUOLOFAMCOND_4(1.0),A,IT,EMP_Y25-64,PA,M,Y25-49,ALL,TOTAL,N2,TOTAL,2023,1678.031,,,,,,,,,,,,,,,
IT1:723_1040_DF_DCCV_RUOLOFAMCOND_4(1.0),A,IT,EMP_Y25-64,PA,M,Y25-49,ALL,TOTAL,N3_GE,TOTAL,2023,372.192,,,,,,,,,,,,,,,
IT1:723_1040_DF_DCCV_RUOLOFAMCOND_4(1.0),A,IT,EMP_Y25-64,PA,M,Y25-64,ALL,TOTAL,N1,TOTAL,2023,2788.954,,,,,,,,,,,,,,,
IT1:723_1040_DF_DCCV_RUOLOFAMCOND_4(1.0),A,IT,EMP_Y25-64,PA,M,Y25-64,ALL,TOTAL,N1_GE,TOTAL,2023,6534.337,,,,,,,,,,,,,,,
IT1:723_1040_DF_DCCV_RUOLOFAMCOND_4(1.0),A,IT,EMP_Y25-64,PA,M,Y25-64,ALL,TOTAL,N2,TOTAL,2023,3075.676,,,,,,,,,,,,,,,
IT1:723_1040_DF_DCCV_RUOLOFAMCOND_4(1.0),A,IT,EMP_Y25-64,PA,M,Y25-64,ALL,TOTAL,N3_GE,TOTAL,2023,669.708,,,,,,,,,,,,,,,
IT1:723_1040_DF_DCCV_RUOLOFAMCOND_4(1.0),A,IT,EMP_Y25-64,PA,T,Y25-49,ALL,TOTAL,N1,TOTAL,2023,2768.678,,,,,,,,,,,,,,,
IT1:723_1040_DF_DCCV_RUOLOFAMCOND_4(1.0),A,IT,EMP_Y25-64,PA,T,Y25-49,ALL,TOTAL,N1_GE,TOTAL,2023,6593.556,,,,,,,,,,,,,,,
IT1:723_1040_DF_DCCV_RUOLOFAMCOND_4(1.0),A,IT,EMP_Y25-64,PA,T,Y25-49,ALL,TOTAL,N2,TOTAL,2023,3178.314,,,,,,,,,,,,,,,
IT1:723_1040_DF_DCCV_RUOLOFAMCOND_4(1.0),A,IT,EMP_Y25-64,PA,T,Y25-49,ALL,TOTAL,N3_GE,TOTAL,2023,646.563,,,,,,,,,,,,,,,
IT1:723_1040_DF_DCCV_RUOLOFAMCOND_4(1.0),A,IT,EMP_Y25-64,PA,T,Y25-64,ALL,TOTAL,N1,TOTAL,2023,5368.385,,,,,,,,,,,,,,,
IT1:723_1040_DF_DCCV_RUOLOFAMCOND_4(1.0),A,IT,EMP_Y25-64,PA,T,Y25-64,ALL,TOTAL,N1_GE,TOTAL,2023,11896.038,,,,,,,,,,,,,,,
IT1:723_1040_DF_DCCV_RUOLOFAMCOND_4(1.0),A,IT,EMP_Y25-64,PA,T,Y25-64,ALL,TOTAL,N2,TOTAL,2023,5450.379,,,,,,,,,,,,,,,
IT1:723_1040_DF_DCCV_RUOLOFAMCOND_4(1.0),A,IT,EMP_Y25-64,PA,T,Y25-64,ALL,TOTAL,N3_GE,TOTAL,2023,1077.273,,,,,,,,,,,,,,,
IT1:723_1040_DF_DCCV_RUOLOFAMCOND_4(1.0),A,IT,EMP_Y25-64,PAC,F,Y25-49,ALL,TOTAL,N1,TOTAL,2023,1122.682,,,,,,,,,,,,,,,
IT1:723_1040_DF_DCCV_RUOLOFAMCOND_4(1.0),A,IT,EMP_Y25-64,PAC,F,Y25-49,ALL,TOTAL,N1_GE,TOTAL,2023,2707.619,,,,,,,,,,,,,,,
IT1:723_1040_DF_DCCV_RUOLOFAMCOND_4(1.0),A,IT,EMP_Y25-64,PAC,F,Y25-49,ALL,TOTAL,N2,TOTAL,2023,1341.624,,,,,,,,,,,,,,,
IT1:723_1040_DF_DCCV_RUOLOFAMCOND_4(1.0),A,IT,EMP_Y25-64,PAC,F,Y25-49,ALL,TOTAL,N3_GE,TOTAL,2023,243.313,,,,,,,,,,,,,,,
IT1:723_1040_DF_DCCV_RUOLOFAMCOND_4(1.0),A,IT,EMP_Y25-64,PAC,F,Y25-64,ALL,TOTAL,N1,TOTAL,2023,2013.544,,,,,,,,,,,,,,,
IT1:723_1040_DF_DCCV_RUOLOFAMCOND_4(1.0),A,IT,EMP_Y25-64,PAC,F,Y25-64,ALL,TOTAL,N1_GE,TOTAL,2023,4441.248,,,,,,,,,,,,,,,
IT1:723_1040_DF_DCCV_RUOLOFAMCOND_4(1.0),A,IT,EMP_Y25-64,PAC,F,Y25-64,ALL,TOTAL,N2,TOTAL,2023,2069.672,,,,,,,,,,,,,,,
IT1:723_1040_DF_DCCV_RUOLOFAMCOND_4(1.0),A,IT,EMP_Y25-64,PAC,F,Y25-64,ALL,TOTAL,N3_GE,TOTAL,2023,358.033,,,,,,,,,,,,,,,
IT1:723_1040_DF_DCCV_RUOLOFAMCOND_4(1.0),A,IT,EMP_Y25-64,PAC,M,Y25-49,ALL,TOTAL,N1,TOTAL,2023,1354.1,,,,,,,,,,,,,,,
IT1:723_1040_DF_DCCV_RUOLOFAMCOND_4(1.0),A,IT,EMP_Y25-64,PAC,M,Y25-49,ALL,TOTAL,N1_GE,TOTAL,2023,3383.324,,,,,,,,,,,,,,,
IT1:723_1040_DF_DCCV_RUOLOFAMCOND_4(1.0),A,IT,EMP_Y25-64,PAC,M,Y25-49,ALL,TOTAL,N2,TOTAL,2023,1659.88,,,,,,,,,,,,,,,
IT1:723_1040_DF_DCCV_RUOLOFAMCOND_4(1.0),A,IT,EMP_Y25-64,PAC,M,Y25-49,ALL,TOTAL,N3_GE,TOTAL,2023,369.345,,,,,,,,,,,,,,,
IT1:723_1040_DF_DCCV_RUOLOFAMCOND_4(1.0),A,IT,EMP_Y25-64,PAC,M,Y25-64,ALL,TOTAL,N1,TOTAL,2023,2655.058,,,,,,,,,,,,,,,
IT1:723_1040_DF_DCCV_RUOLOFAMCOND_4(1.0),A,IT,EMP_Y25-64,PAC,M,Y25-64,ALL,TOTAL,N1_GE,TOTAL,2023,6325.592,,,,,,,,,,,,,,,
IT1:723_1040_DF_DCCV_RUOLOFAMCOND_4(1.0),A,IT,EMP_Y25-64,PAC,M,Y25-64,ALL,TOTAL,N2,TOTAL,2023,3009.773,,,,,,,,,,,,,,,
IT1:723_1040_DF_DCCV_RUOLOFAMCOND_4(1.0),A,IT,EMP_Y25-64,PAC,M,Y25-64,ALL,TOTAL,N3_GE,TOTAL,2023,660.761,,,,,,,,,,,,,,,
IT1:723_1040_DF_DCCV_RUOLOFAMCOND_4(1.0),A,IT,EMP_Y25-64,PAC,T,Y25-49,ALL,TOTAL,N1,TOTAL,2023,2476.782,,,,,,,,,,,,,,,
IT1:723_1040_DF_DCCV_RUOLOFAMCOND_4(1.0),A,IT,EMP_Y25-64,PAC,T,Y25-49,ALL,TOTAL,N1_GE,TOTAL,2023,6090.944,,,,,,,,,,,,,,,
IT1:723_1040_DF_DCCV_RUOLOFAMCOND_4(1.0),A,IT,EMP_Y25-64,PAC,T,Y25-49,ALL,TOTAL,N2,TOTAL,2023,3001.504,,,,,,,,,,,,,,,
IT1:723_1040_DF_DCCV_RUOLOFAMCOND_4(1.0),A,IT,EMP_Y25-64,PAC,T,Y25-49,ALL,TOTAL,N3_GE,TOTAL,2023,612.658,,,,,,,,,,,,,,,
IT1:723_1040_DF_DCCV_RUOLOFAMCOND_4(1.0),A,IT,EMP_Y25-64,PAC,T,Y25-64,ALL,TOTAL,N1,TOTAL,2023,4668.602,,,,,,,,,,,,,,,
IT1:723_1040_DF_DCCV_RUOLOFAMCOND_4(1.0),A,IT,EMP_Y25-64,PAC,T,Y25-64,ALL,TOTAL,N1_GE,TOTAL,2023,10766.84,,,,,,,,,,,,,,,
IT1:723_1040_DF_DCCV_RUOLOFAMCOND_4(1.0),A,IT,EMP_Y25-64,PAC,T,Y25-64,ALL,TOTAL,N2,TOTAL,2023,5079.445,,,,,,,,,,,,,,,
IT1:723_1040_DF_DCCV_RUOLOFAMCOND_4(1.0),A,IT,EMP_Y25-64,PAC,T,Y25-64,ALL,TOTAL,N3_GE,TOTAL,2023,1018.794,,,,,,,,,,,,,,,
IT1:723_1040_DF_DCCV_RUOLOFAMCOND_4(1.0),A,IT,FOR_Y25-64,PA,F,Y25-49,ALL,TOTAL,N1,TOTAL,2023,1515.234,,,,,,,,,,,,,,,
IT1:723_1040_DF_DCCV_RUOLOFAMCOND_4(1.0),A,IT,FOR_Y25-64,PA,F,Y25-49,ALL,TOTAL,N1_GE,TOTAL,2023,3460.258,,,,,,,,,,,,,,,
IT1:723_1040_DF_DCCV_RUOLOFAMCOND_4(1.0),A,IT,FOR_Y25-64,PA,F,Y25-49,ALL,TOTAL,N2,TOTAL,2023,1630.78,,,,,,,,,,,,,,,
IT1:723_1040_DF_DCCV_RUOLOFAMCOND_4(1.0),A,IT,FOR_Y25-64,PA,F,Y25-49,ALL,TOTAL,N3_GE,TOTAL,2023,314.244,,,,,,,,,,,,,,,
IT1:723_1040_DF_DCCV_RUOLOFAMCOND_4(1.0),A,IT,FOR_Y25-64,PA,F,Y25-64,ALL,TOTAL,N1,TOTAL,2023,2772.865,,,,,,,,,,,,,,,
IT1:723_1040_DF_DCCV_RUOLOFAMCOND_4(1.0),A,IT,FOR_Y25-64,PA,F,Y25-64,ALL,TOTAL,N1_GE,TOTAL,2023,5775.971,,,,,,,,,,,,,,,
IT1:723_1040_DF_DCCV_RUOLOFAMCOND_4(1.0),A,IT,FOR_Y25-64,PA,F,Y25-64,ALL,TOTAL,N2,TOTAL,2023,2548.709,,,,,,,,,,,,,,,
IT1:723_1040_DF_DCCV_RUOLOFAMCOND_4(1.0),A,IT,FOR_Y25-64,PA,F,Y25-64,ALL,TOTAL,N3_GE,TOTAL,2023,454.397,,,,,,,,,,,,,,,
IT1:723_1040_DF_DCCV_RUOLOFAMCOND_4(1.0),A,IT,FOR_Y25-64,PA,M,Y25-49,ALL,TOTAL,N1,TOTAL,2023,1439.021,,,,,,,,,,,,,,,
IT1:723_1040_DF_DCCV_RUOLOFAMCOND_4(1.0),A,IT,FOR_Y25-64,PA,M,Y25-49,ALL,TOTAL,N1_GE,TOTAL,2023,3581.754,,,,,,,,,,,,,,,
IT1:723_1040_DF_DCCV_RUOLOFAMCOND_4(1.0),A,IT,FOR_Y25-64,PA,M,Y25-49,ALL,TOTAL,N2,TOTAL,2023,1744.947,,,,,,,,,,,,,,,
IT1:723_1040_DF_DCCV_RUOLOFAMCOND_4(1.0),A,IT,FOR_Y25-64,PA,M,Y25-49,ALL,TOTAL,N3_GE,TOTAL,2023,397.787,,,,,,,,,,,,,,,
IT1:723_1040_DF_DCCV_RUOLOFAMCOND_4(1.0),A,IT,FOR_Y25-64,PA,M,Y25-64,ALL,TOTAL,N1,TOTAL,2023,2892.487,,,,,,,,,,,,,,,
IT1:723_1040_DF_DCCV_RUOLOFAMCOND_4(1.0),A,IT,FOR_Y25-64,PA,M,Y25-64,ALL,TOTAL,N1_GE,TOTAL,2023,6792.827,,,,,,,,,,,,,,,
IT1:723_1040_DF_DCCV_RUOLOFAMCOND_4(1.0),A,IT,FOR_Y25-64,PA,M,Y25-64,ALL,TOTAL,N2,TOTAL,2023,3190.472,,,,,,,,,,,,,,,
IT1:723_1040_DF_DCCV_RUOLOFAMCOND_4(1.0),A,IT,FOR_Y25-64,PA,M,Y25-64,ALL,TOTAL,N3_GE,TOTAL,2023,709.867,,,,,,,,,,,,,,,
IT1:723_1040_DF_DCCV_RUOLOFAMCOND_4(1.0),A,IT,FOR_Y25-64,PA,T,Y25-49,ALL,TOTAL,N1,TOTAL,2023,2954.254,,,,,,,,,,,,,,,
IT1:723_1040_DF_DCCV_RUOLOFAMCOND_4(1.0),A,IT,FOR_Y25-64,PA,T,Y25-49,ALL,TOTAL,N1_GE,TOTAL,2023,7042.012,,,,,,,,,,,,,,,
IT1:723_1040_DF_DCCV_RUOLOFAMCOND_4(1.0),A,IT,FOR_Y25-64,PA,T,Y25-49,ALL,TOTAL,N2,TOTAL,2023,3375.727,,,,,,,,,,,,,,,
IT1:723_1040_DF_DCCV_RUOLOFAMCOND_4(1.0),A,IT,FOR_Y25-64,PA,T,Y25-49,ALL,TOTAL,N3_GE,TOTAL,2023,712.031,,,,,,,,,,,,,,,
IT1:723_1040_DF_DCCV_RUOLOFAMCOND_4(1.0),A,IT,FOR_Y25-64,PA,T,Y25-64,ALL,TOTAL,N1,TOTAL,2023,5665.352,,,,,,,,,,,,,,,
IT1:723_1040_DF_DCCV_RUOLOFAMCOND_4(1.0),A,IT,FOR_Y25-64,PA,T,Y25-64,ALL,TOTAL,N1_GE,TOTAL,2023,12568.798,,,,,,,,,,,,,,,
IT1:723_1040_DF_DCCV_RUOLOFAMCOND_4(1.0),A,IT,FOR_Y25-64,PA,T,Y25-64,ALL,TOTAL,N2,TOTAL,2023,5739.181,,,,,,,,,,,,,,,
IT1:723_1040_DF_DCCV_RUOLOFAMCOND_4(1.0),A,IT,FOR_Y25-64,PA,T,Y25-64,ALL,TOTAL,N3_GE,TOTAL,2023,1164.265,,,,,,,,,,,,,,,
IT1:723_1040_DF_DCCV_RUOLOFAMCOND_4(1.0),A,IT,FOR_Y25-64,PAC,F,Y25-49,ALL,TOTAL,N1,TOTAL,2023,1214.384,,,,,,,,,,,,,,,
IT1:723_1040_DF_DCCV_RUOLOFAMCOND_4(1.0),A,IT,FOR_Y25-64,PAC,F,Y25-49,ALL,TOTAL,N1_GE,TOTAL,2023,2937.061,,,,,,,,,,,,,,,
IT1:723_1040_DF_DCCV_RUOLOFAMCOND_4(1.0),A,IT,FOR_Y25-64,PAC,F,Y25-49,ALL,TOTAL,N2,TOTAL,2023,1447.151,,,,,,,,,,,,,,,
IT1:723_1040_DF_DCCV_RUOLOFAMCOND_4(1.0),A,IT,FOR_Y25-64,PAC,F,Y25-49,ALL,TOTAL,N3_GE,TOTAL,2023,275.525,,,,,,,,,,,,,,,
IT1:723_1040_DF_DCCV_RUOLOFAMCOND_4(1.0),A,IT,FOR_Y25-64,PAC,F,Y25-64,ALL,TOTAL,N1,TOTAL,2023,2140.27,,,,,,,,,,,,,,,
IT1:723_1040_DF_DCCV_RUOLOFAMCOND_4(1.0),A,IT,FOR_Y25-64,PAC,F,Y25-64,ALL,TOTAL,N1_GE,TOTAL,2023,4744.163,,,,,,,,,,,,,,,
IT1:723_1040_DF_DCCV_RUOLOFAMCOND_4(1.0),A,IT,FOR_Y25-64,PAC,F,Y25-64,ALL,TOTAL,N2,TOTAL,2023,2208.644,,,,,,,,,,,,,,,
IT1:723_1040_DF_DCCV_RUOLOFAMCOND_4(1.0),A,IT,FOR_Y25-64,PAC,F,Y25-64,ALL,TOTAL,N3_GE,TOTAL,2023,395.249,,,,,,,,,,,,,,,
IT1:723_1040_DF_DCCV_RUOLOFAMCOND_4(1.0),A,IT,FOR_Y25-64,PAC,M,Y25-49,ALL,TOTAL,N1,TOTAL,2023,1404.184,,,,,,,,,,,,,,,
IT1:723_1040_DF_DCCV_RUOLOFAMCOND_4(1.0),A,IT,FOR_Y25-64,PAC,M,Y25-49,ALL,TOTAL,N1_GE,TOTAL,2023,3523.54,,,,,,,,,,,,,,,
IT1:723_1040_DF_DCCV_RUOLOFAMCOND_4(1.0),A,IT,FOR_Y25-64,PAC,M,Y25-49,ALL,TOTAL,N2,TOTAL,2023,1725.137,,,,,,,,,,,,,,,
IT1:723_1040_DF_DCCV_RUOLOFAMCOND_4(1.0),A,IT,FOR_Y25-64,PAC,M,Y25-49,ALL,TOTAL,N3_GE,TOTAL,2023,394.22,,,,,,,,,,,,,,,
IT1:723_1040_DF_DCCV_RUOLOFAMCOND_4(1.0),A,IT,FOR_Y25-64,PAC,M,Y25-64,ALL,TOTAL,N1,TOTAL,2023,2749.845,,,,,,,,,,,,,,,
IT1:723_1040_DF_DCCV_RUOLOFAMCOND_4(1.0),A,IT,FOR_Y25-64,PAC,M,Y25-64,ALL,TOTAL,N1_GE,TOTAL,2023,6570.988,,,,,,,,,,,,,,,
IT1:723_1040_DF_DCCV_RUOLOFAMCOND_4(1.0),A,IT,FOR_Y25-64,PAC,M,Y25-64,ALL,TOTAL,N2,TOTAL,2023,3121.078,,,,,,,,,,,,,,,
IT1:723_1040_DF_DCCV_RUOLOFAMCOND_4(1.0),A,IT,FOR_Y25-64,PAC,M,Y25-64,ALL,TOTAL,N3_GE,TOTAL,2023,700.065,,,,,,,,,,,,,,,
IT1:723_1040_DF_DCCV_RUOLOFAMCOND_4(1.0),A,IT,FOR_Y25-64,PAC,T,Y25-49,ALL,TOTAL,N1,TOTAL,2023,2618.569,,,,,,,,,,,,,,,
IT1:723_1040_DF_DCCV_RUOLOFAMCOND_4(1.0),A,IT,FOR_Y25-64,PAC,T,Y25-49,ALL,TOTAL,N1_GE,TOTAL,2023,6460.601,,,,,,,,,,,,,,,
IT1:723_1040_DF_DCCV_RUOLOFAMCOND_4(1.0),A,IT,FOR_Y25-64,PAC,T,Y25-49,ALL,TOTAL,N2,TOTAL,2023,3172.288,,,,,,,,,,,,,,,
IT1:723_1040_DF_DCCV_RUOLOFAMCOND_4(1.0),A,IT,FOR_Y25-64,PAC,T,Y25-49,ALL,TOTAL,N3_GE,TOTAL,2023,669.745,,,,,,,,,,,,,,,
IT1:723_1040_DF_DCCV_RUOLOFAMCOND_4(1.0),A,IT,FOR_Y25-64,PAC,T,Y25-64,ALL,TOTAL,N1,TOTAL,2023,4890.115,,,,,,,,,,,,,,,
IT1:723_1040_DF_DCCV_RUOLOFAMCOND_4(1.0),A,IT,FOR_Y25-64,PAC,T,Y25-64,ALL,TOTAL,N1_GE,TOTAL,2023,11315.151,,,,,,,,,,,,,,,
IT1:723_1040_DF_DCCV_RUOLOFAMCOND_4(1.0),A,IT,FOR_Y25-64,PAC,T,Y25-64,ALL,TOTAL,N2,TOTAL,2023,5329.722,,,,,,,,,,,,,,,
IT1:723_1040_DF_DCCV_RUOLOFAMCOND_4(1.0),A,IT,FOR_Y25-64,PAC,T,Y25-64,ALL,TOTAL,N3_GE,TOTAL,2023,1095.314,,,,,,,,,,,,,,,
IT1:723_1040_DF_DCCV_RUOLOFAMCOND_4(1.0),A,IT,INAC_Y25-64,PA,F,Y25-49,ALL,TOTAL,N1,TOTAL,2023,611.291,,,,,,,,,,,,,,,
IT1:723_1040_DF_DCCV_RUOLOFAMCOND_4(1.0),A,IT,INAC_Y25-64,PA,F,Y25-49,ALL,TOTAL,N1_GE,TOTAL,2023,1791.187,,,,,,,,,,,,,,,
IT1:723_1040_DF_DCCV_RUOLOFAMCOND_4(1.0),A,IT,INAC_Y25-64,PA,F,Y25-49,ALL,TOTAL,N2,TOTAL,2023,854.801,,,,,,,,,,,,,,,
IT1:723_1040_DF_DCCV_RUOLOFAMCOND_4(1.0),A,IT,INAC_Y25-64,PA,F,Y25-49,ALL,TOTAL,N3_GE,TOTAL,2023,325.095,,,,,,,,,,,,,,,
IT1:723_1040_DF_DCCV_RUOLOFAMCOND_4(1.0),A,IT,INAC_Y25-64,PA,F,Y25-64,ALL,TOTAL,N1,TOTAL,2023,1570.732,,,,,,,,,,,,,,,
IT1:723_1040_DF_DCCV_RUOLOFAMCOND_4(1.0),A,IT,INAC_Y25-64,PA,F,Y25-64,ALL,TOTAL,N1_GE,TOTAL,2023,3423.277,,,,,,,,,,,,,,,
IT1:723_1040_DF_DCCV_RUOLOFAMCOND_4(1.0),A,IT,INAC_Y25-64,PA,F,Y25-64,ALL,TOTAL,N2,TOTAL,2023,1411.154,,,,,,,,,,,,,,,
IT1:723_1040_DF_DCCV_RUOLOFAMCOND_4(1.0),A,IT,INAC_Y25-64,PA,F,Y25-64,ALL,TOTAL,N3_GE,TOTAL,2023,441.391,,,,,,,,,,,,,,,
IT1:723_1040_DF_DCCV_RUOLOFAMCOND_4(1.0),A,IT,INAC_Y25-64,PA,M,Y25-49,ALL,TOTAL,N1,TOTAL,2023,72.593,,,,,,,,,,,,,,,
IT1:723_1040_DF_DCCV_RUOLOFAMCOND_4(1.0),A,IT,INAC_Y25-64,PA,M,Y25-49,ALL,TOTAL,N1_GE,TOTAL,2023,184.74,,,,,,,,,,,,,,,
IT1:723_1040_DF_DCCV_RUOLOFAMCOND_4(1.0),A,IT,INAC_Y25-64,PA,M,Y25-49,ALL,TOTAL,N2,TOTAL,2023,75.207,,,,,,,,,,,,,,,
IT1:723_1040_DF_DCCV_RUOLOFAMCOND_4(1.0),A,IT,INAC_Y25-64,PA,M,Y25-49,ALL,TOTAL,N3_GE,TOTAL,2023,36.939,,,,,,,,,,,,,,,
IT1:723_1040_DF_DCCV_RUOLOFAMCOND_4(1.0),A,IT,INAC_Y25-64,PA,M,Y25-64,ALL,TOTAL,N1,TOTAL,2023,449.175,,,,,,,,,,,,,,,
IT1:723_1040_DF_DCCV_RUOLOFAMCOND_4(1.0),A,IT,INAC_Y25-64,PA,M,Y25-64,ALL,TOTAL,N1_GE,TOTAL,2023,807.243,,,,,,,,,,,,,,,
IT1:723_1040_DF_DCCV_RUOLOFAMCOND_4(1.0),A,IT,INAC_Y25-64,PA,M,Y25-64,ALL,TOTAL,N2,TOTAL,2023,273.358,,,,,,,,,,,,,,,
IT1:723_1040_DF_DCCV_RUOLOFAMCOND_4(1.0),A,IT,INAC_Y25-64,PA,M,Y25-64,ALL,TOTAL,N3_GE,TOTAL,2023,84.71,,,,,,,,,,,,,,,
IT1:723_1040_DF_DCCV_RUOLOFAMCOND_4(1.0),A,IT,INAC_Y25-64,PA,T,Y25-49,ALL,TOTAL,N1,TOTAL,2023,683.885,,,,,,,,,,,,,,,
IT1:723_1040_DF_DCCV_RUOLOFAMCOND_4(1.0),A,IT,INAC_Y25-64,PA,T,Y25-49,ALL,TOTAL,N1_GE,TOTAL,2023,1975.927,,,,,,,,,,,,,,,
IT1:723_1040_DF_DCCV_RUOLOFAMCOND_4(1.0),A,IT,INAC_Y25-64,PA,T,Y25-49,ALL,TOTAL,N2,TOTAL,2023,930.009,,,,,,,,,,,,,,,
IT1:723_1040_DF_DCCV_RUOLOFAMCOND_4(1.0),A,IT,INAC_Y25-64,PA,T,Y25-49,ALL,TOTAL,N3_GE,TOTAL,2023,362.034,,,,,,,,,,,,,,,
IT1:723_1040_DF_DCCV_RUOLOFAMCOND_4(1.0),A,IT,INAC_Y25-64,PA,T,Y25-64,ALL,TOTAL,N1,TOTAL,2023,2019.907,,,,,,,,,,,,,,,
IT1:723_1040_DF_DCCV_RUOLOFAMCOND_4(1.0),A,IT,INAC_Y25-64,PA,T,Y25-64,ALL,TOTAL,N1_GE,TOTAL,2023,4230.52,,,,,,,,,,,,,,,
IT1:723_1040_DF_DCCV_RUOLOFAMCOND_4(1.0),A,IT,INAC_Y25-64,PA,T,Y25-64,ALL,TOTAL,N2,TOTAL,2023,1684.512,,,,,,,,,,,,,,,
IT1:723_1040_DF_DCCV_RUOLOFAMCOND_4(1.0),A,IT,INAC_Y25-64,PA,T,Y25-64,ALL,TOTAL,N3_GE,TOTAL,2023,526.101,,,,,,,,,,,,,,,
IT1:723_1040_DF_DCCV_RUOLOFAMCOND_4(1.0),A,IT,INAC_Y25-64,PAC,F,Y25-49,ALL,TOTAL,N1,TOTAL,2023,526.137,,,,,,,,,,,,,,,
IT1:723_1040_DF_DCCV_RUOLOFAMCOND_4(1.0),A,IT,INAC_Y25-64,PAC,F,Y25-49,ALL,TOTAL,N1_GE,TOTAL,2023,1617.76,,,,,,,,,,,,,,,
IT1:723_1040_DF_DCCV_RUOLOFAMCOND_4(1.0),A,IT,INAC_Y25-64,PAC,F,Y25-49,ALL,TOTAL,N2,TOTAL,2023,789.834,,,,,,,,,,,,,,,
IT1:723_1040_DF_DCCV_RUOLOFAMCOND_4(1.0),A,IT,INAC_Y25-64,PAC,F,Y25-49,ALL,TOTAL,N3_GE,TOTAL,2023,301.79,,,,,,,,,,,,,,,
IT1:723_1040_DF_DCCV_RUOLOFAMCOND_4(1.0),A,IT,INAC_Y25-64,PAC,F,Y25-64,ALL,TOTAL,N1,TOTAL,2023,1317.912,,,,,,,,,,,,,,,
IT1:723_1040_DF_DCCV_RUOLOFAMCOND_4(1.0),A,IT,INAC_Y25-64,PAC,F,Y25-64,ALL,TOTAL,N1_GE,TOTAL,2023,3001.038,,,,,,,,,,,,,,,
IT1:723_1040_DF_DCCV_RUOLOFAMCOND_4(1.0),A,IT,INAC_Y25-64,PAC,F,Y25-64,ALL,TOTAL,N2,TOTAL,2023,1280.519,,,,,,,,,,,,,,,
IT1:723_1040_DF_DCCV_RUOLOFAMCOND_4(1.0),A,IT,INAC_Y25-64,PAC,F,Y25-64,ALL,TOTAL,N3_GE,TOTAL,2023,402.607,,,,,,,,,,,,,,,
IT1:723_1040_DF_DCCV_RUOLOFAMCOND_4(1.0),A,IT,INAC_Y25-64,PAC,M,Y25-49,ALL,TOTAL,N1,TOTAL,2023,67.123,,,,,,,,,,,,,,,
IT1:723_1040_DF_DCCV_RUOLOFAMCOND_4(1.0),A,IT,INAC_Y25-64,PAC,M,Y25-49,ALL,TOTAL,N1_GE,TOTAL,2023,176.665,,,,,,,,,,,,,,,
IT1:723_1040_DF_DCCV_RUOLOFAMCOND_4(1.0),A,IT,INAC_Y25-64,PAC,M,Y25-49,ALL,TOTAL,N2,TOTAL,2023,73.32,,,,,,,,,,,,,,,
IT1:723_1040_DF_DCCV_RUOLOFAMCOND_4(1.0),A,IT,INAC_Y25-64,PAC,M,Y25-49,ALL,TOTAL,N3_GE,TOTAL,2023,36.222,,,,,,,,,,,,,,,
IT1:723_1040_DF_DCCV_RUOLOFAMCOND_4(1.0),A,IT,INAC_Y25-64,PAC,M,Y25-64,ALL,TOTAL,N1,TOTAL,2023,410.251,,,,,,,,,,,,,,,
IT1:723_1040_DF_DCCV_RUOLOFAMCOND_4(1.0),A,IT,INAC_Y25-64,PAC,M,Y25-64,ALL,TOTAL,N1_GE,TOTAL,2023,755.391,,,,,,,,,,,,,,,
IT1:723_1040_DF_DCCV_RUOLOFAMCOND_4(1.0),A,IT,INAC_Y25-64,PAC,M,Y25-64,ALL,TOTAL,N2,TOTAL,2023,261.871,,,,,,,,,,,,,,,
IT1:723_1040_DF_DCCV_RUOLOFAMCOND_4(1.0),A,IT,INAC_Y25-64,PAC,M,Y25-64,ALL,TOTAL,N3_GE,TOTAL,2023,83.269,,,,,,,,,,,,,,,
IT1:723_1040_DF_DCCV_RUOLOFAMCOND_4(1.0),A,IT,INAC_Y25-64,PAC,T,Y25-49,ALL,TOTAL,N1,TOTAL,2023,593.259,,,,,,,,,,,,,,,
IT1:723_1040_DF_DCCV_RUOLOFAMCOND_4(1.0),A,IT,INAC_Y25-64,PAC,T,Y25-49,ALL,TOTAL,N1_GE,TOTAL,2023,1794.425,,,,,,,,,,,,,,,
IT1:723_1040_DF_DCCV_RUOLOFAMCOND_4(1.0),A,IT,INAC_Y25-64,PAC,T,Y25-49,ALL,TOTAL,N2,TOTAL,2023,863.154,,,,,,,,,,,,,,,
IT1:723_1040_DF_DCCV_RUOLOFAMCOND_4(1.0),A,IT,INAC_Y25-64,PAC,T,Y25-49,ALL,TOTAL,N3_GE,TOTAL,2023,338.012,,,,,,,,,,,,,,,
IT1:723_1040_DF_DCCV_RUOLOFAMCOND_4(1.0),A,IT,INAC_Y25-64,PAC,T,Y25-64,ALL,TOTAL,N1,TOTAL,2023,1728.163,,,,,,,,,,,,,,,
IT1:723_1040_DF_DCCV_RUOLOFAMCOND_4(1.0),A,IT,INAC_Y25-64,PAC,T,Y25-64,ALL,TOTAL,N1_GE,TOTAL,2023,3756.429,,,,,,,,,,,,,,,
IT1:723_1040_DF_DCCV_RUOLOFAMCOND_4(1.0),A,IT,INAC_Y25-64,PAC,T,Y25-64,ALL,TOTAL,N2,TOTAL,2023,1542.39,,,,,,,,,,,,,,,
IT1:723_1040_DF_DCCV_RUOLOFAMCOND_4(1.0),A,IT,INAC_Y25-64,PAC,T,Y25-64,ALL,TOTAL,N3_GE,TOTAL,2023,485.876,,,,,,,,,,,,,,,
IT1:723_1040_DF_DCCV_RUOLOFAMCOND_4(1.0),A,IT,UNEMP_Y25-64,PA,F,Y25-49,ALL,TOTAL,N1,TOTAL,2023,132.783,,,,,,,,,,,,,,,
IT1:723_1040_DF_DCCV_RUOLOFAMCOND_4(1.0),A,IT,UNEMP_Y25-64,PA,F,Y25-49,ALL,TOTAL,N1_GE,TOTAL,2023,303.152,,,,,,,,,,,,,,,
IT1:723_1040_DF_DCCV_RUOLOFAMCOND_4(1.0),A,IT,UNEMP_Y25-64,PA,F,Y25-49,ALL,TOTAL,N2,TOTAL,2023,130.496,,,,,,,,,,,,,,,
IT1:723_1040_DF_DCCV_RUOLOFAMCOND_4(1.0),A,IT,UNEMP_Y25-64,PA,F,Y25-49,ALL,TOTAL,N3_GE,TOTAL,2023,39.873,,,,,,,,,,,,,,,
IT1:723_1040_DF_DCCV_RUOLOFAMCOND_4(1.0),A,IT,UNEMP_Y25-64,PA,F,Y25-64,ALL,TOTAL,N1,TOTAL,2023,193.433,,,,,,,,,,,,,,,
IT1:723_1040_DF_DCCV_RUOLOFAMCOND_4(1.0),A,IT,UNEMP_Y25-64,PA,F,Y25-64,ALL,TOTAL,N1_GE,TOTAL,2023,414.27,,,,,,,,,,,,,,,
IT1:723_1040_DF_DCCV_RUOLOFAMCOND_4(1.0),A,IT,UNEMP_Y25-64,PA,F,Y25-64,ALL,TOTAL,N2,TOTAL,2023,174.006,,,,,,,,,,,,,,,
IT1:723_1040_DF_DCCV_RUOLOFAMCOND_4(1.0),A,IT,UNEMP_Y25-64,PA,F,Y25-64,ALL,TOTAL,N3_GE,TOTAL,2023,46.832,,,,,,,,,,,,,,,
IT1:723_1040_DF_DCCV_RUOLOFAMCOND_4(1.0),A,IT,UNEMP_Y25-64,PA,M,Y25-49,ALL,TOTAL,N1,TOTAL,2023,52.793,,,,,,,,,,,,,,,
IT1:723_1040_DF_DCCV_RUOLOFAMCOND_4(1.0),A,IT,UNEMP_Y25-64,PA,M,Y25-49,ALL,TOTAL,N1_GE,TOTAL,2023,145.304,,,,,,,,,,,,,,,
IT1:723_1040_DF_DCCV_RUOLOFAMCOND_4(1.0),A,IT,UNEMP_Y25-64,PA,M,Y25-49,ALL,TOTAL,N2,TOTAL,2023,66.916,,,,,,,,,,,,,,,
IT1:723_1040_DF_DCCV_RUOLOFAMCOND_4(1.0),A,IT,UNEMP_Y25-64,PA,M,Y25-49,ALL,TOTAL,N3_GE,TOTAL,2023,25.595,,,,,,,,,,,,,,,
IT1:723_1040_DF_DCCV_RUOLOFAMCOND_4(1.0),A,IT,UNEMP_Y25-64,PA,M,Y25-64,ALL,TOTAL,N1,TOTAL,2023,103.534,,,,,,,,,,,,,,,
IT1:723_1040_DF_DCCV_RUOLOFAMCOND_4(1.0),A,IT,UNEMP_Y25-64,PA,M,Y25-64,ALL,TOTAL,N1_GE,TOTAL,2023,258.49,,,,,,,,,,,,,,,
IT1:723_1040_DF_DCCV_RUOLOFAMCOND_4(1.0),A,IT,UNEMP_Y25-64,PA,M,Y25-64,ALL,TOTAL,N2,TOTAL,2023,114.796,,,,,,,,,,,,,,,
IT1:723_1040_DF_DCCV_RUOLOFAMCOND_4(1.0),A,IT,UNEMP_Y25-64,PA,M,Y25-64,ALL,TOTAL,N3_GE,TOTAL,2023,40.16,,,,,,,,,,,,,,,
IT1:723_1040_DF_DCCV_RUOLOFAMCOND_4(1.0),A,IT,UNEMP_Y25-64,PA,T,Y25-49,ALL,TOTAL,N1,TOTAL,2023,185.576,,,,,,,,,,,,,,,
IT1:723_1040_DF_DCCV_RUOLOFAMCOND_4(1.0),A,IT,UNEMP_Y25-64,PA,T,Y25-49,ALL,TOTAL,N1_GE,TOTAL,2023,448.456,,,,,,,,,,,,,,,
IT1:723_1040_DF_DCCV_RUOLOFAMCOND_4(1.0),A,IT,UNEMP_Y25-64,PA,T,Y25-49,ALL,TOTAL,N2,TOTAL,2023,197.413,,,,,,,,,,,,,,,
IT1:723_1040_DF_DCCV_RUOLOFAMCOND_4(1.0),A,IT,UNEMP_Y25-64,PA,T,Y25-49,ALL,TOTAL,N3_GE,TOTAL,2023,65.468,,,,,,,,,,,,,,,
IT1:723_1040_DF_DCCV_RUOLOFAMCOND_4(1.0),A,IT,UNEMP_Y25-64,PA,T,Y25-64,ALL,TOTAL,N1,TOTAL,2023,296.966,,,,,,,,,,,,,,,
IT1:723_1040_DF_DCCV_RUOLOFAMCOND_4(1.0),A,IT,UNEMP_Y25-64,PA,T,Y25-64,ALL,TOTAL,N1_GE,TOTAL,2023,672.76,,,,,,,,,,,,,,,
IT1:723_1040_DF_DCCV_RUOLOFAMCOND_4(1.0),A,IT,UNEMP_Y25-64,PA,T,Y25-64,ALL,TOTAL,N2,TOTAL,2023,288.802,,,,,,,,,,,,,,,
IT1:723_1040_DF_DCCV_RUOLOFAMCOND_4(1.0),A,IT,UNEMP_Y25-64,PA,T,Y25-64,ALL,TOTAL,N3_GE,TOTAL,2023,86.991,,,,,,,,,,,,,,,
IT1:723_1040_DF_DCCV_RUOLOFAMCOND_4(1.0),A,IT,UNEMP_Y25-64,PAC,F,Y25-49,ALL,TOTAL,N1,TOTAL,2023,91.703,,,,,,,,,,,,,,,
IT1:723_1040_DF_DCCV_RUOLOFAMCOND_4(1.0),A,IT,UNEMP_Y25-64,PAC,F,Y25-49,ALL,TOTAL,N1_GE,TOTAL,2023,229.441,,,,,,,,,,,,,,,
IT1:723_1040_DF_DCCV_RUOLOFAMCOND_4(1.0),A,IT,UNEMP_Y25-64,PAC,F,Y25-49,ALL,TOTAL,N2,TOTAL,2023,105.527,,,,,,,,,,,,,,,
IT1:723_1040_DF_DCCV_RUOLOFAMCOND_4(1.0),A,IT,UNEMP_Y25-64,PAC,F,Y25-49,ALL,TOTAL,N3_GE,TOTAL,2023,32.212,,,,,,,,,,,,,,,
IT1:723_1040_DF_DCCV_RUOLOFAMCOND_4(1.0),A,IT,UNEMP_Y25-64,PAC,F,Y25-64,ALL,TOTAL,N1,TOTAL,2023,126.726,,,,,,,,,,,,,,,
IT1:723_1040_DF_DCCV_RUOLOFAMCOND_4(1.0),A,IT,UNEMP_Y25-64,PAC,F,Y25-64,ALL,TOTAL,N1_GE,TOTAL,2023,302.914,,,,,,,,,,,,,,,
IT1:723_1040_DF_DCCV_RUOLOFAMCOND_4(1.0),A,IT,UNEMP_Y25-64,PAC,F,Y25-64,ALL,TOTAL,N2,TOTAL,2023,138.972,,,,,,,,,,,,,,,
IT1:723_1040_DF_DCCV_RUOLOFAMCOND_4(1.0),A,IT,UNEMP_Y25-64,PAC,F,Y25-64,ALL,TOTAL,N3_GE,TOTAL,2023,37.216,,,,,,,,,,,,,,,
IT1:723_1040_DF_DCCV_RUOLOFAMCOND_4(1.0),A,IT,UNEMP_Y25-64,PAC,M,Y25-49,ALL,TOTAL,N1,TOTAL,2023,50.084,,,,,,,,,,,,,,,
IT1:723_1040_DF_DCCV_RUOLOFAMCOND_4(1.0),A,IT,UNEMP_Y25-64,PAC,M,Y25-49,ALL,TOTAL,N1_GE,TOTAL,2023,140.216,,,,,,,,,,,,,,,
IT1:723_1040_DF_DCCV_RUOLOFAMCOND_4(1.0),A,IT,UNEMP_Y25-64,PAC,M,Y25-49,ALL,TOTAL,N2,TOTAL,2023,65.257,,,,,,,,,,,,,,,
IT1:723_1040_DF_DCCV_RUOLOFAMCOND_4(1.0),A,IT,UNEMP_Y25-64,PAC,M,Y25-49,ALL,TOTAL,N3_GE,TOTAL,2023,24.875,,,,,,,,,,,,,,,
IT1:723_1040_DF_DCCV_RUOLOFAMCOND_4(1.0),A,IT,UNEMP_Y25-64,PAC,M,Y25-64,ALL,TOTAL,N1,TOTAL,2023,94.787,,,,,,,,,,,,,,,
IT1:723_1040_DF_DCCV_RUOLOFAMCOND_4(1.0),A,IT,UNEMP_Y25-64,PAC,M,Y25-64,ALL,TOTAL,N1_GE,TOTAL,2023,245.396,,,,,,,,,,,,,,,
IT1:723_1040_DF_DCCV_RUOLOFAMCOND_4(1.0),A,IT,UNEMP_Y25-64,PAC,M,Y25-64,ALL,TOTAL,N2,TOTAL,2023,111.304,,,,,,,,,,,,,,,
IT1:723_1040_DF_DCCV_RUOLOFAMCOND_4(1.0),A,IT,UNEMP_Y25-64,PAC,M,Y25-64,ALL,TOTAL,N3_GE,TOTAL,2023,39.305,,,,,,,,,,,,,,,
IT1:723_1040_DF_DCCV_RUOLOFAMCOND_4(1.0),A,IT,UNEMP_Y25-64,PAC,T,Y25-49,ALL,TOTAL,N1,TOTAL,2023,141.787,,,,,,,,,,,,,,,
IT1:723_1040_DF_DCCV_RUOLOFAMCOND_4(1.0),A,IT,UNEMP_Y25-64,PAC,T,Y25-49,ALL,TOTAL,N1_GE,TOTAL,2023,369.657,,,,,,,,,,,,,,,
IT1:723_1040_DF_DCCV_RUOLOFAMCOND_4(1.0),A,IT,UNEMP_Y25-64,PAC,T,Y25-49,ALL,TOTAL,N2,TOTAL,2023,170.784,,,,,,,,,,,,,,,
IT1:723_1040_DF_DCCV_RUOLOFAMCOND_4(1.0),A,IT,UNEMP_Y25-64,PAC,T,Y25-49,ALL,TOTAL,N3_GE,TOTAL,2023,57.087,,,,,,,,,,,,,,,
IT1:723_1040_DF_DCCV_RUOLOFAMCOND_4(1.0),A,IT,UNEMP_Y25-64,PAC,T,Y25-64,ALL,TOTAL,N1,TOTAL,2023,221.513,,,,,,,,,,,,,,,
IT1:723_1040_DF_DCCV_RUOLOFAMCOND_4(1.0),A,IT,UNEMP_Y25-64,PAC,T,Y25-64,ALL,TOTAL,N1_GE,TOTAL,2023,548.311,,,,,,,,,,,,,,,
IT1:723_1040_DF_DCCV_RUOLOFAMCOND_4(1.0),A,IT,UNEMP_Y25-64,PAC,T,Y25-64,ALL,TOTAL,N2,TOTAL,2023,250.277,,,,,,,,,,,,,,,
IT1:723_1040_DF_DCCV_RUOLOFAMCOND_4(1.0),A,IT,UNEMP_Y25-64,PAC,T,Y25-64,ALL,TOTAL,N3_GE,TOTAL,2023,76.521,,,,,,,,,,,,,,,
IT1:723_1040_DF_DCCV_RUOLOFAMCOND_4(1.0),A,ITC,EMP_Y25-64,PA,F,Y25-64,ALL,TOTAL,N1,TOTAL,2023,790.23,,,,,,,,,,,,,,,
IT1:723_1040_DF_DCCV_RUOLOFAMCOND_4(1.0),A,ITC,EMP_Y25-64,PA,F,Y25-64,ALL,TOTAL,N1_GE,TOTAL,2023,1614.115,,,,,,,,,,,,,,,
IT1:723_1040_DF_DCCV_RUOLOFAMCOND_4(1.0),A,ITC,EMP_Y25-64,PA,F,Y25-64,ALL,TOTAL,N2,TOTAL,2023,695.441,,,,,,,,,,,,,,,
IT1:723_1040_DF_DCCV_RUOLOFAMCOND_4(1.0),A,ITC,EMP_Y25-64,PA,F,Y25-64,ALL,TOTAL,N3_GE,TOTAL,2023,128.444,,,,,,,,,,,,,,,
IT1:723_1040_DF_DCCV_RUOLOFAMCOND_4(1.0),A,ITC,EMP_Y25-64,PA,M,Y25-64,ALL,TOTAL,N1,TOTAL,2023,779.002,,,,,,,,,,,,,,,
IT1:723_1040_DF_DCCV_RUOLOFAMCOND_4(1.0),A,ITC,EMP_Y25-64,PA,M,Y25-64,ALL,TOTAL,N1_GE,TOTAL,2023,1781.41,,,,,,,,,,,,,,,
IT1:723_1040_DF_DCCV_RUOLOFAMCOND_4(1.0),A,ITC,EMP_Y25-64,PA,M,Y25-64,ALL,TOTAL,N2,TOTAL,2023,815.219,,,,,,,,,,,,,,,
IT1:723_1040_DF_DCCV_RUOLOFAMCOND_4(1.0),A,ITC,EMP_Y25-64,PA,M,Y25-64,ALL,TOTAL,N3_GE,TOTAL,2023,187.189,,,,,,,,,,,,,,,
IT1:723_1040_DF_DCCV_RUOLOFAMCOND_4(1.0),A,ITC,EMP_Y25-64,PA,T,Y25-64,ALL,TOTAL,N1,TOTAL,2023,1569.232,,,,,,,,,,,,,,,
IT1:723_1040_DF_DCCV_RUOLOFAMCOND_4(1.0),A,ITC,EMP_Y25-64,PA,T,Y25-64,ALL,TOTAL,N1_GE,TOTAL,2023,3395.525,,,,,,,,,,,,,,,
IT1:723_1040_DF_DCCV_RUOLOFAMCOND_4(1.0),A,ITC,EMP_Y25-64,PA,T,Y25-64,ALL,TOTAL,N2,TOTAL,2023,1510.661,,,,,,,,,,,,,,,
IT1:723_1040_DF_DCCV_RUOLOFAMCOND_4(1.0),A,ITC,EMP_Y25-64,PA,T,Y25-64,ALL,TOTAL,N3_GE,TOTAL,2023,315.632,,,,,,,,,,,,,,,
IT1:723_1040_DF_DCCV_RUOLOFAMCOND_4(1.0),A,ITC,EMP_Y25-64,PAC,F,Y25-64,ALL,TOTAL,N1,TOTAL,2023,619.487,,,,,,,,,,,,,,,
IT1:723_1040_DF_DCCV_RUOLOFAMCOND_4(1.0),A,ITC,EMP_Y25-64,PAC,F,Y25-64,ALL,TOTAL,N1_GE,TOTAL,2023,1335.003,,,,,,,,,,,,,,,
IT1:723_1040_DF_DCCV_RUOLOFAMCOND_4(1.0),A,ITC,EMP_Y25-64,PAC,F,Y25-64,ALL,TOTAL,N2,TOTAL,2023,603.332,,,,,,,,,,,,,,,
IT1:723_1040_DF_DCCV_RUOLOFAMCOND_4(1.0),A,ITC,EMP_Y25-64,PAC,F,Y25-64,ALL,TOTAL,N3_GE,TOTAL,2023,112.184,,,,,,,,,,,,,,,
IT1:723_1040_DF_DCCV_RUOLOFAMCOND_4(1.0),A,ITC,EMP_Y25-64,PAC,M,Y25-64,ALL,TOTAL,N1,TOTAL,2023,741.204,,,,,,,,,,,,,,,
IT1:723_1040_DF_DCCV_RUOLOFAMCOND_4(1.0),A,ITC,EMP_Y25-64,PAC,M,Y25-64,ALL,TOTAL,N1_GE,TOTAL,2023,1719.86,,,,,,,,,,,,,,,
IT1:723_1040_DF_DCCV_RUOLOFAMCOND_4(1.0),A,ITC,EMP_Y25-64,PAC,M,Y25-64,ALL,TOTAL,N2,TOTAL,2023,794.697,,,,,,,,,,,,,,,
IT1:723_1040_DF_DCCV_RUOLOFAMCOND_4(1.0),A,ITC,EMP_Y25-64,PAC,M,Y25-64,ALL,TOTAL,N3_GE,TOTAL,2023,183.959,,,,,,,,,,,,,,,
IT1:723_1040_DF_DCCV_RUOLOFAMCOND_4(1.0),A,ITC,EMP_Y25-64,PAC,T,Y25-64,ALL,TOTAL,N1,TOTAL,2023,1360.691,,,,,,,,,,,,,,,
IT1:723_1040_DF_DCCV_RUOLOFAMCOND_4(1.0),A,ITC,EMP_Y25-64,PAC,T,Y25-64,ALL,TOTAL,N1_GE,TOTAL,2023,3054.864,,,,,,,,,,,,,,,
IT1:723_1040_DF_DCCV_RUOLOFAMCOND_4(1.0),A,ITC,EMP_Y25-64,PAC,T,Y25-64,ALL,TOTAL,N2,TOTAL,2023,1398.03,,,,,,,,,,,,,,,
IT1:723_1040_DF_DCCV_RUOLOFAMCOND_4(1.0),A,ITC,EMP_Y25-64,PAC,T,Y25-64,ALL,TOTAL,N3_GE,TOTAL,2023,296.143,,,,,,,,,,,,,,,
IT1:723_1040_DF_DCCV_RUOLOFAMCOND_4(1.0),A,ITC,FOR_Y25-64,PA,F,Y25-64,ALL,TOTAL,N1,TOTAL,2023,824.574,,,,,,,,,,,,,,,
IT1:723_1040_DF_DCCV_RUOLOFAMCOND_4(1.0),A,ITC,FOR_Y25-64,PA,F,Y25-64,ALL,TOTAL,N1_GE,TOTAL,2023,1687.041,,,,,,,,,,,,,,,
IT1:723_1040_DF_DCCV_RUOLOFAMCOND_4(1.0),A,ITC,FOR_Y25-64,PA,F,Y25-64,ALL,TOTAL,N2,TOTAL,2023,725.862,,,,,,,,,,,,,,,
IT1:723_1040_DF_DCCV_RUOLOFAMCOND_4(1.0),A,ITC,FOR_Y25-64,PA,F,Y25-64,ALL,TOTAL,N3_GE,TOTAL,2023,136.605,,,,,,,,,,,,,,,
IT1:723_1040_DF_DCCV_RUOLOFAMCOND_4(1.0),A,ITC,FOR_Y25-64,PA,M,Y25-64,ALL,TOTAL,N1,TOTAL,2023,793.745,,,,,,,,,,,,,,,
IT1:723_1040_DF_DCCV_RUOLOFAMCOND_4(1.0),A,ITC,FOR_Y25-64,PA,M,Y25-64,ALL,TOTAL,N1_GE,TOTAL,2023,1812.428,,,,,,,,,,,,,,,
IT1:723_1040_DF_DCCV_RUOLOFAMCOND_4(1.0),A,ITC,FOR_Y25-64,PA,M,Y25-64,ALL,TOTAL,N2,TOTAL,2023,824.116,,,,,,,,,,,,,,,
IT1:723_1040_DF_DCCV_RUOLOFAMCOND_4(1.0),A,ITC,FOR_Y25-64,PA,M,Y25-64,ALL,TOTAL,N3_GE,TOTAL,2023,194.568,,,,,,,,,,,,,,,
IT1:723_1040_DF_DCCV_RUOLOFAMCOND_4(1.0),A,ITC,FOR_Y25-64,PA,T,Y25-64,ALL,TOTAL,N1,TOTAL,2023,1618.319,,,,,,,,,,,,,,,
IT1:723_1040_DF_DCCV_RUOLOFAMCOND_4(1.0),A,ITC,FOR_Y25-64,PA,T,Y25-64,ALL,TOTAL,N1_GE,TOTAL,2023,3499.47,,,,,,,,,,,,,,,
IT1:723_1040_DF_DCCV_RUOLOFAMCOND_4(1.0),A,ITC,FOR_Y25-64,PA,T,Y25-64,ALL,TOTAL,N2,TOTAL,2023,1549.977,,,,,,,,,,,,,,,
IT1:723_1040_DF_DCCV_RUOLOFAMCOND_4(1.0),A,ITC,FOR_Y25-64,PA,T,Y25-64,ALL,TOTAL,N3_GE,TOTAL,2023,331.173,,,,,,,,,,,,,,,
IT1:723_1040_DF_DCCV_RUOLOFAMCOND_4(1.0),A,ITC,FOR_Y25-64,PAC,F,Y25-64,ALL,TOTAL,N1,TOTAL,2023,642.496,,,,,,,,,,,,,,,
IT1:723_1040_DF_DCCV_RUOLOFAMCOND_4(1.0),A,ITC,FOR_Y25-64,PAC,F,Y25-64,ALL,TOTAL,N1_GE,TOTAL,2023,1390.466,,,,,,,,,,,,,,,
IT1:723_1040_DF_DCCV_RUOLOFAMCOND_4(1.0),A,ITC,FOR_Y25-64,PAC,F,Y25-64,ALL,TOTAL,N2,TOTAL,2023,628.526,,,,,,,,,,,,,,,
IT1:723_1040_DF_DCCV_RUOLOFAMCOND_4(1.0),A,ITC,FOR_Y25-64,PAC,F,Y25-64,ALL,TOTAL,N3_GE,TOTAL,2023,119.444,,,,,,,,,,,,,,,
IT1:723_1040_DF_DCCV_RUOLOFAMCOND_4(1.0),A,ITC,FOR_Y25-64,PAC,M,Y25-64,ALL,TOTAL,N1,TOTAL,2023,754.086,,,,,,,,,,,,,,,
IT1:723_1040_DF_DCCV_RUOLOFAMCOND_4(1.0),A,ITC,FOR_Y25-64,PAC,M,Y25-64,ALL,TOTAL,N1_GE,TOTAL,2023,1748.708,,,,,,,,,,,,,,,
IT1:723_1040_DF_DCCV_RUOLOFAMCOND_4(1.0),A,ITC,FOR_Y25-64,PAC,M,Y25-64,ALL,TOTAL,N2,TOTAL,2023,803.539,,,,,,,,,,,,,,,
IT1:723_1040_DF_DCCV_RUOLOFAMCOND_4(1.0),A,ITC,FOR_Y25-64,PAC,M,Y25-64,ALL,TOTAL,N3_GE,TOTAL,2023,191.083,,,,,,,,,,,,,,,
IT1:723_1040_DF_DCCV_RUOLOFAMCOND_4(1.0),A,ITC,FOR_Y25-64,PAC,T,Y25-64,ALL,TOTAL,N1,TOTAL,2023,1396.582,,,,,,,,,,,,,,,
IT1:723_1040_DF_DCCV_RUOLOFAMCOND_4(1.0),A,ITC,FOR_Y25-64,PAC,T,Y25-64,ALL,TOTAL,N1_GE,TOTAL,2023,3139.174,,,,,,,,,,,,,,,
IT1:723_1040_DF_DCCV_RUOLOFAMCOND_4(1.0),A,ITC,FOR_Y25-64,PAC,T,Y25-64,ALL,TOTAL,N2,TOTAL,2023,1432.065,,,,,,,,,,,,,,,
IT1:723_1040_DF_DCCV_RUOLOFAMCOND_4(1.0),A,ITC,FOR_Y25-64,PAC,T,Y25-64,ALL,TOTAL,N3_GE,TOTAL,2023,310.527,,,,,,,,,,,,,,,
IT1:723_1040_DF_DCCV_RUOLOFAMCOND_4(1.0),A,ITC,INAC_Y25-64,PA,F,Y25-64,ALL,TOTAL,N1,TOTAL,2023,325.636,,,,,,,,,,,,,,,
IT1:723_1040_DF_DCCV_RUOLOFAMCOND_4(1.0),A,ITC,INAC_Y25-64,PA,F,Y25-64,ALL,TOTAL,N1_GE,TOTAL,2023,672.696,,,,,,,,,,,,,,,
IT1:723_1040_DF_DCCV_RUOLOFAMCOND_4(1.0),A,ITC,INAC_Y25-64,PA,F,Y25-64,ALL,TOTAL,N2,TOTAL,2023,256.615,,,,,,,,,,,,,,,
IT1:723_1040_DF_DCCV_RUOLOFAMCOND_4(1.0),A,ITC,INAC_Y25-64,PA,F,Y25-64,ALL,TOTAL,N3_GE,TOTAL,2023,90.444,,,,,,,,,,,,,,,
IT1:723_1040_DF_DCCV_RUOLOFAMCOND_4(1.0),A,ITC,INAC_Y25-64,PA,M,Y25-64,ALL,TOTAL,N1,TOTAL,2023,109.349,,,,,,,,,,,,,,,
IT1:723_1040_DF_DCCV_RUOLOFAMCOND_4(1.0),A,ITC,INAC_Y25-64,PA,M,Y25-64,ALL,TOTAL,N1_GE,TOTAL,2023,156.333,,,,,,,,,,,,,,,
IT1:723_1040_DF_DCCV_RUOLOFAMCOND_4(1.0),A,ITC,INAC_Y25-64,PA,M,Y25-64,ALL,TOTAL,N2,TOTAL,2023,37.692,,,,,,,,,,,,,,,
IT1:723_1040_DF_DCCV_RUOLOFAMCOND_4(1.0),A,ITC,INAC_Y25-64,PA,M,Y25-64,ALL,TOTAL,N3_GE,TOTAL,2023,9.292,,,,,,,,,,,,,,,
IT1:723_1040_DF_DCCV_RUOLOFAMCOND_4(1.0),A,ITC,INAC_Y25-64,PA,T,Y25-64,ALL,TOTAL,N1,TOTAL,2023,434.985,,,,,,,,,,,,,,,
IT1:723_1040_DF_DCCV_RUOLOFAMCOND_4(1.0),A,ITC,INAC_Y25-64,PA,T,Y25-64,ALL,TOTAL,N1_GE,TOTAL,2023,829.029,,,,,,,,,,,,,,,
IT1:723_1040_DF_DCCV_RUOLOFAMCOND_4(1.0),A,ITC,INAC_Y25-64,PA,T,Y25-64,ALL,TOTAL,N2,TOTAL,2023,294.308,,,,,,,,,,,,,,,
IT1:723_1040_DF_DCCV_RUOLOFAMCOND_4(1.0),A,ITC,INAC_Y25-64,PA,T,Y25-64,ALL,TOTAL,N3_GE,TOTAL,2023,99.736,,,,,,,,,,,,,,,
IT1:723_1040_DF_DCCV_RUOLOFAMCOND_4(1.0),A,ITC,INAC_Y25-64,PAC,F,Y25-64,ALL,TOTAL,N1,TOTAL,2023,276.335,,,,,,,,,,,,,,,
IT1:723_1040_DF_DCCV_RUOLOFAMCOND_4(1.0),A,ITC,INAC_Y25-64,PAC,F,Y25-64,ALL,TOTAL,N1_GE,TOTAL,2023,593.78,,,,,,,,,,,,,,,
IT1:723_1040_DF_DCCV_RUOLOFAMCOND_4(1.0),A,ITC,INAC_Y25-64,PAC,F,Y25-64,ALL,TOTAL,N2,TOTAL,2023,233.996,,,,,,,,,,,,,,,
IT1:723_1040_DF_DCCV_RUOLOFAMCOND_4(1.0),A,ITC,INAC_Y25-64,PAC,F,Y25-64,ALL,TOTAL,N3_GE,TOTAL,2023,83.45,,,,,,,,,,,,,,,
IT1:723_1040_DF_DCCV_RUOLOFAMCOND_4(1.0),A,ITC,INAC_Y25-64,PAC,M,Y25-64,ALL,TOTAL,N1,TOTAL,2023,101.153,,,,,,,,,,,,,,,
IT1:723_1040_DF_DCCV_RUOLOFAMCOND_4(1.0),A,ITC,INAC_Y25-64,PAC,M,Y25-64,ALL,TOTAL,N1_GE,TOTAL,2023,144.27,,,,,,,,,,,,,,,
IT1:723_1040_DF_DCCV_RUOLOFAMCOND_4(1.0),A,ITC,INAC_Y25-64,PAC,M,Y25-64,ALL,TOTAL,N2,TOTAL,2023,33.85,,,,,,,,,,,,,,,
IT1:723_1040_DF_DCCV_RUOLOFAMCOND_4(1.0),A,ITC,INAC_Y25-64,PAC,M,Y25-64,ALL,TOTAL,N3_GE,TOTAL,2023,9.267,,,,,,,,,,,,,,,
IT1:723_1040_DF_DCCV_RUOLOFAMCOND_4(1.0),A,ITC,INAC_Y25-64,PAC,T,Y25-64,ALL,TOTAL,N1,TOTAL,2023,377.488,,,,,,,,,,,,,,,
IT1:723_1040_DF_DCCV_RUOLOFAMCOND_4(1.0),A,ITC,INAC_Y25-64,PAC,T,Y25-64,ALL,TOTAL,N1_GE,TOTAL,2023,738.051,,,,,,,,,,,,,,,
IT1:723_1040_DF_DCCV_RUOLOFAMCOND_4(1.0),A,ITC,INAC_Y25-64,PAC,T,Y25-64,ALL,TOTAL,N2,TOTAL,2023,267.846,,,,,,,,,,,,,,,
IT1:723_1040_DF_DCCV_RUOLOFAMCOND_4(1.0),A,ITC,INAC_Y25-64,PAC,T,Y25-64,ALL,TOTAL,N3_GE,TOTAL,2023,92.716,,,,,,,,,,,,,,,
IT1:723_1040_DF_DCCV_RUOLOFAMCOND_4(1.0),A,ITC,UNEMP_Y25-64,PA,F,Y25-64,ALL,TOTAL,N1,TOTAL,2023,34.345,,,,,,,,,,,,,,,
IT1:723_1040_DF_DCCV_RUOLOFAMCOND_4(1.0),A,ITC,UNEMP_Y25-64,PA,F,Y25-64,ALL,TOTAL,N1_GE,TOTAL,2023,72.927,,,,,,,,,,,,,,,
IT1:723_1040_DF_DCCV_RUOLOFAMCOND_4(1.0),A,ITC,UNEMP_Y25-64,PA,F,Y25-64,ALL,TOTAL,N2,TOTAL,2023,30.421,,,,,,,,,,,,,,,
IT1:723_1040_DF_DCCV_RUOLOFAMCOND_4(1.0),A,ITC,UNEMP_Y25-64,PA,F,Y25-64,ALL,TOTAL,N3_GE,TOTAL,2023,8.162,,,,,,,,,,,,,,,
IT1:723_1040_DF_DCCV_RUOLOFAMCOND_4(1.0),A,ITC,UNEMP_Y25-64,PA,M,Y25-64,ALL,TOTAL,N1,TOTAL,2023,14.742,,,,,,,,,,,,,,,
IT1:723_1040_DF_DCCV_RUOLOFAMCOND_4(1.0),A,ITC,UNEMP_Y25-64,PA,M,Y25-64,ALL,TOTAL,N1_GE,TOTAL,2023,31.018,,,,,,,,,,,,,,,
IT1:723_1040_DF_DCCV_RUOLOFAMCOND_4(1.0),A,ITC,UNEMP_Y25-64,PA,M,Y25-64,ALL,TOTAL,N2,TOTAL,2023,8.896,,,,,,,,,,,,,,,
IT1:723_1040_DF_DCCV_RUOLOFAMCOND_4(1.0),A,ITC,UNEMP_Y25-64,PA,M,Y25-64,ALL,TOTAL,N3_GE,TOTAL,2023,7.379,,,,,,,,,,,,,,,
IT1:723_1040_DF_DCCV_RUOLOFAMCOND_4(1.0),A,ITC,UNEMP_Y25-64,PA,T,Y25-64,ALL,TOTAL,N1,TOTAL,2023,49.087,,,,,,,,,,,,,,,
IT1:723_1040_DF_DCCV_RUOLOFAMCOND_4(1.0),A,ITC,UNEMP_Y25-64,PA,T,Y25-64,ALL,TOTAL,N1_GE,TOTAL,2023,103.944,,,,,,,,,,,,,,,
IT1:723_1040_DF_DCCV_RUOLOFAMCOND_4(1.0),A,ITC,UNEMP_Y25-64,PA,T,Y25-64,ALL,TOTAL,N2,TOTAL,2023,39.317,,,,,,,,,,,,,,,
IT1:723_1040_DF_DCCV_RUOLOFAMCOND_4(1.0),A,ITC,UNEMP_Y25-64,PA,T,Y25-64,ALL,TOTAL,N3_GE,TOTAL,2023,15.541,,,,,,,,,,,,,,,
IT1:723_1040_DF_DCCV_RUOLOFAMCOND_4(1.0),A,ITC,UNEMP_Y25-64,PAC,F,Y25-64,ALL,TOTAL,N1,TOTAL,2023,23.009,,,,,,,,,,,,,,,
IT1:723_1040_DF_DCCV_RUOLOFAMCOND_4(1.0),A,ITC,UNEMP_Y25-64,PAC,F,Y25-64,ALL,TOTAL,N1_GE,TOTAL,2023,55.463,,,,,,,,,,,,,,,
IT1:723_1040_DF_DCCV_RUOLOFAMCOND_4(1.0),A,ITC,UNEMP_Y25-64,PAC,F,Y25-64,ALL,TOTAL,N2,TOTAL,2023,25.193,,,,,,,,,,,,,,,
IT1:723_1040_DF_DCCV_RUOLOFAMCOND_4(1.0),A,ITC,UNEMP_Y25-64,PAC,F,Y25-64,ALL,TOTAL,N3_GE,TOTAL,2023,7.26,,,,,,,,,,,,,,,
IT1:723_1040_DF_DCCV_RUOLOFAMCOND_4(1.0),A,ITC,UNEMP_Y25-64,PAC,M,Y25-64,ALL,TOTAL,N1,TOTAL,2023,12.882,,,,,,,,,,,,,,,
IT1:723_1040_DF_DCCV_RUOLOFAMCOND_4(1.0),A,ITC,UNEMP_Y25-64,PAC,M,Y25-64,ALL,TOTAL,N1_GE,TOTAL,2023,28.848,,,,,,,,,,,,,,,
IT1:723_1040_DF_DCCV_RUOLOFAMCOND_4(1.0),A,ITC,UNEMP_Y25-64,PAC,M,Y25-64,ALL,TOTAL,N2,TOTAL,2023,8.842,,,,,,,,,,,,,,,
IT1:723_1040_DF_DCCV_RUOLOFAMCOND_4(1.0),A,ITC,UNEMP_Y25-64,PAC,M,Y25-64,ALL,TOTAL,N3_GE,TOTAL,2023,7.123,,,,,,,,,,,,,,,
IT1:723_1040_DF_DCCV_RUOLOFAMCOND_4(1.0),A,ITC,UNEMP_Y25-64,PAC,T,Y25-64,ALL,TOTAL,N1,TOTAL,2023,35.891,,,,,,,,,,,,,,,
IT1:723_1040_DF_DCCV_RUOLOFAMCOND_4(1.0),A,ITC,UNEMP_Y25-64,PAC,T,Y25-64,ALL,TOTAL,N1_GE,TOTAL,2023,84.31,,,,,,,,,,,,,,,
IT1:723_1040_DF_DCCV_RUOLOFAMCOND_4(1.0),A,ITC,UNEMP_Y25-64,PAC,T,Y25-64,ALL,TOTAL,N2,TOTAL,2023,34.035,,,,,,,,,,,,,,,
IT1:723_1040_DF_DCCV_RUOLOFAMCOND_4(1.0),A,ITC,UNEMP_Y25-64,PAC,T,Y25-64,ALL,TOTAL,N3_GE,TOTAL,2023,14.384,,,,,,,,,,,,,,,
IT1:723_1040_DF_DCCV_RUOLOFAMCOND_4(1.0),A,ITCD,EMP_Y25-64,PA,F,Y25-64,ALL,TOTAL,N1,TOTAL,2023,1402.801,,,,,,,,,,,,,,,
IT1:723_1040_DF_DCCV_RUOLOFAMCOND_4(1.0),A,ITCD,EMP_Y25-64,PA,F,Y25-64,ALL,TOTAL,N1_GE,TOTAL,2023,2877.579,,,,,,,,,,,,,,,
IT1:723_1040_DF_DCCV_RUOLOFAMCOND_4(1.0),A,ITCD,EMP_Y25-64,PA,F,Y25-64,ALL,TOTAL,N2,TOTAL,2023,1251.677,,,,,,,,,,,,,,,
IT1:723_1040_DF_DCCV_RUOLOFAMCOND_4(1.0),A,ITCD,EMP_Y25-64,PA,F,Y25-64,ALL,TOTAL,N3_GE,TOTAL,2023,223.101,,,,,,,,,,,,,,,
IT1:723_1040_DF_DCCV_RUOLOFAMCOND_4(1.0),A,ITCD,EMP_Y25-64,PA,M,Y25-64,ALL,TOTAL,N1,TOTAL,2023,1377.88,,,,,,,,,,,,,,,
IT1:723_1040_DF_DCCV_RUOLOFAMCOND_4(1.0),A,ITCD,EMP_Y25-64,PA,M,Y25-64,ALL,TOTAL,N1_GE,TOTAL,2023,3133.029,,,,,,,,,,,,,,,
IT1:723_1040_DF_DCCV_RUOLOFAMCOND_4(1.0),A,ITCD,EMP_Y25-64,PA,M,Y25-64,ALL,TOTAL,N2,TOTAL,2023,1435.264,,,,,,,,,,,,,,,
IT1:723_1040_DF_DCCV_RUOLOFAMCOND_4(1.0),A,ITCD,EMP_Y25-64,PA,M,Y25-64,ALL,TOTAL,N3_GE,TOTAL,2023,319.885,,,,,,,,,,,,,,,
IT1:723_1040_DF_DCCV_RUOLOFAMCOND_4(1.0),A,ITCD,EMP_Y25-64,PA,T,Y25-64,ALL,TOTAL,N1,TOTAL,2023,2780.68,,,,,,,,,,,,,,,
IT1:723_1040_DF_DCCV_RUOLOFAMCOND_4(1.0),A,ITCD,EMP_Y25-64,PA,T,Y25-64,ALL,TOTAL,N1_GE,TOTAL,2023,6010.608,,,,,,,,,,,,,,,
IT1:723_1040_DF_DCCV_RUOLOFAMCOND_4(1.0),A,ITCD,EMP_Y25-64,PA,T,Y25-64,ALL,TOTAL,N2,TOTAL,2023,2686.941,,,,,,,,,,,,,,,
IT1:723_1040_DF_DCCV_RUOLOFAMCOND_4(1.0),A,ITCD,EMP_Y25-64,PA,T,Y25-64,ALL,TOTAL,N3_GE,TOTAL,2023,542.986,,,,,,,,,,,,,,,
IT1:723_1040_DF_DCCV_RUOLOFAMCOND_4(1.0),A,ITCD,EMP_Y25-64,PAC,F,Y25-64,ALL,TOTAL,N1,TOTAL,2023,1109.944,,,,,,,,,,,,,,,
IT1:723_1040_DF_DCCV_RUOLOFAMCOND_4(1.0),A,ITCD,EMP_Y25-64,PAC,F,Y25-64,ALL,TOTAL,N1_GE,TOTAL,2023,2400.299,,,,,,,,,,,,,,,
IT1:723_1040_DF_DCCV_RUOLOFAMCOND_4(1.0),A,ITCD,EMP_Y25-64,PAC,F,Y25-64,ALL,TOTAL,N2,TOTAL,2023,1095.171,,,,,,,,,,,,,,,
IT1:723_1040_DF_DCCV_RUOLOFAMCOND_4(1.0),A,ITCD,EMP_Y25-64,PAC,F,Y25-64,ALL,TOTAL,N3_GE,TOTAL,2023,195.184,,,,,,,,,,,,,,,
IT1:723_1040_DF_DCCV_RUOLOFAMCOND_4(1.0),A,ITCD,EMP_Y25-64,PAC,M,Y25-64,ALL,TOTAL,N1,TOTAL,2023,1308.091,,,,,,,,,,,,,,,
IT1:723_1040_DF_DCCV_RUOLOFAMCOND_4(1.0),A,ITCD,EMP_Y25-64,PAC,M,Y25-64,ALL,TOTAL,N1_GE,TOTAL,2023,3028.569,,,,,,,,,,,,,,,
IT1:723_1040_DF_DCCV_RUOLOFAMCOND_4(1.0),A,ITCD,EMP_Y25-64,PAC,M,Y25-64,ALL,TOTAL,N2,TOTAL,2023,1404.526,,,,,,,,,,,,,,,
IT1:723_1040_DF_DCCV_RUOLOFAMCOND_4(1.0),A,ITCD,EMP_Y25-64,PAC,M,Y25-64,ALL,TOTAL,N3_GE,TOTAL,2023,315.952,,,,,,,,,,,,,,,
IT1:723_1040_DF_DCCV_RUOLOFAMCOND_4(1.0),A,ITCD,EMP_Y25-64,PAC,T,Y25-64,ALL,TOTAL,N1,TOTAL,2023,2418.035,,,,,,,,,,,,,,,
IT1:723_1040_DF_DCCV_RUOLOFAMCOND_4(1.0),A,ITCD,EMP_Y25-64,PAC,T,Y25-64,ALL,TOTAL,N1_GE,TOTAL,2023,5428.868,,,,,,,,,,,,,,,
IT1:723_1040_DF_DCCV_RUOLOFAMCOND_4(1.0),A,ITCD,EMP_Y25-64,PAC,T,Y25-64,ALL,TOTAL,N2,TOTAL,2023,2499.697,,,,,,,,,,,,,,,
IT1:723_1040_DF_DCCV_RUOLOFAMCOND_4(1.0),A,ITCD,EMP_Y25-64,PAC,T,Y25-64,ALL,TOTAL,N3_GE,TOTAL,2023,511.136,,,,,,,,,,,,,,,
IT1:723_1040_DF_DCCV_RUOLOFAMCOND_4(1.0),A,ITCD,FOR_Y25-64,PA,F,Y25-64,ALL,TOTAL,N1,TOTAL,2023,1463.901,,,,,,,,,,,,,,,
IT1:723_1040_DF_DCCV_RUOLOFAMCOND_4(1.0),A,ITCD,FOR_Y25-64,PA,F,Y25-64,ALL,TOTAL,N1_GE,TOTAL,2023,3007.587,,,,,,,,,,,,,,,
IT1:723_1040_DF_DCCV_RUOLOFAMCOND_4(1.0),A,ITCD,FOR_Y25-64,PA,F,Y25-64,ALL,TOTAL,N2,TOTAL,2023,1304.969,,,,,,,,,,,,,,,
IT1:723_1040_DF_DCCV_RUOLOFAMCOND_4(1.0),A,ITCD,FOR_Y25-64,PA,F,Y25-64,ALL,TOTAL,N3_GE,TOTAL,2023,238.718,,,,,,,,,,,,,,,
IT1:723_1040_DF_DCCV_RUOLOFAMCOND_4(1.0),A,ITCD,FOR_Y25-64,PA,M,Y25-64,ALL,TOTAL,N1,TOTAL,2023,1399.993,,,,,,,,,,,,,,,
IT1:723_1040_DF_DCCV_RUOLOFAMCOND_4(1.0),A,ITCD,FOR_Y25-64,PA,M,Y25-64,ALL,TOTAL,N1_GE,TOTAL,2023,3184.211,,,,,,,,,,,,,,,
IT1:723_1040_DF_DCCV_RUOLOFAMCOND_4(1.0),A,ITCD,FOR_Y25-64,PA,M,Y25-64,ALL,TOTAL,N2,TOTAL,2023,1453.088,,,,,,,,,,,,,,,
IT1:723_1040_DF_DCCV_RUOLOFAMCOND_4(1.0),A,ITCD,FOR_Y25-64,PA,M,Y25-64,ALL,TOTAL,N3_GE,TOTAL,2023,331.129,,,,,,,,,,,,,,,
IT1:723_1040_DF_DCCV_RUOLOFAMCOND_4(1.0),A,ITCD,FOR_Y25-64,PA,T,Y25-64,ALL,TOTAL,N1,TOTAL,2023,2863.894,,,,,,,,,,,,,,,
IT1:723_1040_DF_DCCV_RUOLOFAMCOND_4(1.0),A,ITCD,FOR_Y25-64,PA,T,Y25-64,ALL,TOTAL,N1_GE,TOTAL,2023,6191.798,,,,,,,,,,,,,,,
IT1:723_1040_DF_DCCV_RUOLOFAMCOND_4(1.0),A,ITCD,FOR_Y25-64,PA,T,Y25-64,ALL,TOTAL,N2,TOTAL,2023,2758.056,,,,,,,,,,,,,,,
IT1:723_1040_DF_DCCV_RUOLOFAMCOND_4(1.0),A,ITCD,FOR_Y25-64,PA,T,Y25-64,ALL,TOTAL,N3_GE,TOTAL,2023,569.847,,,,,,,,,,,,,,,
IT1:723_1040_DF_DCCV_RUOLOFAMCOND_4(1.0),A,ITCD,FOR_Y25-64,PAC,F,Y25-64,ALL,TOTAL,N1,TOTAL,2023,1154.661,,,,,,,,,,,,,,,
IT1:723_1040_DF_DCCV_RUOLOFAMCOND_4(1.0),A,ITCD,FOR_Y25-64,PAC,F,Y25-64,ALL,TOTAL,N1_GE,TOTAL,2023,2503.867,,,,,,,,,,,,,,,
IT1:723_1040_DF_DCCV_RUOLOFAMCOND_4(1.0),A,ITCD,FOR_Y25-64,PAC,F,Y25-64,ALL,TOTAL,N2,TOTAL,2023,1140.334,,,,,,,,,,,,,,,
IT1:723_1040_DF_DCCV_RUOLOFAMCOND_4(1.0),A,ITCD,FOR_Y25-64,PAC,F,Y25-64,ALL,TOTAL,N3_GE,TOTAL,2023,208.871,,,,,,,,,,,,,,,
IT1:723_1040_DF_DCCV_RUOLOFAMCOND_4(1.0),A,ITCD,FOR_Y25-64,PAC,M,Y25-64,ALL,TOTAL,N1,TOTAL,2023,1327.767,,,,,,,,,,,,,,,
IT1:723_1040_DF_DCCV_RUOLOFAMCOND_4(1.0),A,ITCD,FOR_Y25-64,PAC,M,Y25-64,ALL,TOTAL,N1_GE,TOTAL,2023,3076.898,,,,,,,,,,,,,,,
IT1:723_1040_DF_DCCV_RUOLOFAMCOND_4(1.0),A,ITCD,FOR_Y25-64,PAC,M,Y25-64,ALL,TOTAL,N2,TOTAL,2023,1422.192,,,,,,,,,,,,,,,
IT1:723_1040_DF_DCCV_RUOLOFAMCOND_4(1.0),A,ITCD,FOR_Y25-64,PAC,M,Y25-64,ALL,TOTAL,N3_GE,TOTAL,2023,326.94,,,,,,,,,,,,,,,
IT1:723_1040_DF_DCCV_RUOLOFAMCOND_4(1.0),A,ITCD,FOR_Y25-64,PAC,T,Y25-64,ALL,TOTAL,N1,TOTAL,2023,2482.428,,,,,,,,,,,,,,,
IT1:723_1040_DF_DCCV_RUOLOFAMCOND_4(1.0),A,ITCD,FOR_Y25-64,PAC,T,Y25-64,ALL,TOTAL,N1_GE,TOTAL,2023,5580.765,,,,,,,,,,,,,,,
IT1:723_1040_DF_DCCV_RUOLOFAMCOND_4(1.0),A,ITCD,FOR_Y25-64,PAC,T,Y25-64,ALL,TOTAL,N2,TOTAL,2023,2562.526,,,,,,,,,,,,,,,
IT1:723_1040_DF_DCCV_RUOLOFAMCOND_4(1.0),A,ITCD,FOR_Y25-64,PAC,T,Y25-64,ALL,TOTAL,N3_GE,TOTAL,2023,535.811,,,,,,,,,,,,,,,
IT1:723_1040_DF_DCCV_RUOLOFAMCOND_4(1.0),A,ITCD,INAC_Y25-64,PA,F,Y25-64,ALL,TOTAL,N1,TOTAL,2023,538.997,,,,,,,,,,,,,,,
IT1:723_1040_DF_DCCV_RUOLOFAMCOND_4(1.0),A,ITCD,INAC_Y25-64,PA,F,Y25-64,ALL,TOTAL,N1_GE,TOTAL,2023,1117.235,,,,,,,,,,,,,,,
IT1:723_1040_DF_DCCV_RUOLOFAMCOND_4(1.0),A,ITCD,INAC_Y25-64,PA,F,Y25-64,ALL,TOTAL,N2,TOTAL,2023,432.073,,,,,,,,,,,,,,,
IT1:723_1040_DF_DCCV_RUOLOFAMCOND_4(1.0),A,ITCD,INAC_Y25-64,PA,F,Y25-64,ALL,TOTAL,N3_GE,TOTAL,2023,146.164,,,,,,,,,,,,,,,
IT1:723_1040_DF_DCCV_RUOLOFAMCOND_4(1.0),A,ITCD,INAC_Y25-64,PA,M,Y25-64,ALL,TOTAL,N1,TOTAL,2023,182.281,,,,,,,,,,,,,,,
IT1:723_1040_DF_DCCV_RUOLOFAMCOND_4(1.0),A,ITCD,INAC_Y25-64,PA,M,Y25-64,ALL,TOTAL,N1_GE,TOTAL,2023,275.596,,,,,,,,,,,,,,,
IT1:723_1040_DF_DCCV_RUOLOFAMCOND_4(1.0),A,ITCD,INAC_Y25-64,PA,M,Y25-64,ALL,TOTAL,N2,TOTAL,2023,78.458,,,,,,,,,,,,,,,
IT1:723_1040_DF_DCCV_RUOLOFAMCOND_4(1.0),A,ITCD,INAC_Y25-64,PA,M,Y25-64,ALL,TOTAL,N3_GE,TOTAL,2023,14.856,,,,,,,,,,,,,,,
IT1:723_1040_DF_DCCV_RUOLOFAMCOND_4(1.0),A,ITCD,INAC_Y25-64,PA,T,Y25-64,ALL,TOTAL,N1,TOTAL,2023,721.278,,,,,,,,,,,,,,,
IT1:723_1040_DF_DCCV_RUOLOFAMCOND_4(1.0),A,ITCD,INAC_Y25-64,PA,T,Y25-64,ALL,TOTAL,N1_GE,TOTAL,2023,1392.83,,,,,,,,,,,,,,,
IT1:723_1040_DF_DCCV_RUOLOFAMCOND_4(1.0),A,ITCD,INAC_Y25-64,PA,T,Y25-64,ALL,TOTAL,N2,TOTAL,2023,510.532,,,,,,,,,,,,,,,
IT1:723_1040_DF_DCCV_RUOLOFAMCOND_4(1.0),A,ITCD,INAC_Y25-64,PA,T,Y25-64,ALL,TOTAL,N3_GE,TOTAL,2023,161.02,,,,,,,,,,,,,,,
IT1:723_1040_DF_DCCV_RUOLOFAMCOND_4(1.0),A,ITCD,INAC_Y25-64,PAC,F,Y25-64,ALL,TOTAL,N1,TOTAL,2023,457.513,,,,,,,,,,,,,,,
IT1:723_1040_DF_DCCV_RUOLOFAMCOND_4(1.0),A,ITCD,INAC_Y25-64,PAC,F,Y25-64,ALL,TOTAL,N1_GE,TOTAL,2023,991.394,,,,,,,,,,,,,,,
IT1:723_1040_DF_DCCV_RUOLOFAMCOND_4(1.0),A,ITCD,INAC_Y25-64,PAC,F,Y25-64,ALL,TOTAL,N2,TOTAL,2023,396.605,,,,,,,,,,,,,,,
IT1:723_1040_DF_DCCV_RUOLOFAMCOND_4(1.0),A,ITCD,INAC_Y25-64,PAC,F,Y25-64,ALL,TOTAL,N3_GE,TOTAL,2023,137.275,,,,,,,,,,,,,,,
IT1:723_1040_DF_DCCV_RUOLOFAMCOND_4(1.0),A,ITCD,INAC_Y25-64,PAC,M,Y25-64,ALL,TOTAL,N1,TOTAL,2023,166.456,,,,,,,,,,,,,,,
IT1:723_1040_DF_DCCV_RUOLOFAMCOND_4(1.0),A,ITCD,INAC_Y25-64,PAC,M,Y25-64,ALL,TOTAL,N1_GE,TOTAL,2023,254.408,,,,,,,,,,,,,,,
IT1:723_1040_DF_DCCV_RUOLOFAMCOND_4(1.0),A,ITCD,INAC_Y25-64,PAC,M,Y25-64,ALL,TOTAL,N2,TOTAL,2023,73.121,,,,,,,,,,,,,,,
IT1:723_1040_DF_DCCV_RUOLOFAMCOND_4(1.0),A,ITCD,INAC_Y25-64,PAC,M,Y25-64,ALL,TOTAL,N3_GE,TOTAL,2023,14.831,,,,,,,,,,,,,,,
IT1:723_1040_DF_DCCV_RUOLOFAMCOND_4(1.0),A,ITCD,INAC_Y25-64,PAC,T,Y25-64,ALL,TOTAL,N1,TOTAL,2023,623.969,,,,,,,,,,,,,,,
IT1:723_1040_DF_DCCV_RUOLOFAMCOND_4(1.0),A,ITCD,INAC_Y25-64,PAC,T,Y25-64,ALL,TOTAL,N1_GE,TOTAL,2023,1245.802,,,,,,,,,,,,,,,
IT1:723_1040_DF_DCCV_RUOLOFAMCOND_4(1.0),A,ITCD,INAC_Y25-64,PAC,T,Y25-64,ALL,TOTAL,N2,TOTAL,2023,469.727,,,,,,,,,,,,,,,
IT1:723_1040_DF_DCCV_RUOLOFAMCOND_4(1.0),A,ITCD,INAC_Y25-64,PAC,T,Y25-64,ALL,TOTAL,N3_GE,TOTAL,2023,152.106,,,,,,,,,,,,,,,
IT1:723_1040_DF_DCCV_RUOLOFAMCOND_4(1.0),A,ITCD,UNEMP_Y25-64,PA,F,Y25-64,ALL,TOTAL,N1,TOTAL,2023,61.1,,,,,,,,,,,,,,,
IT1:723_1040_DF_DCCV_RUOLOFAMCOND_4(1.0),A,ITCD,UNEMP_Y25-64,PA,F,Y25-64,ALL,TOTAL,N1_GE,TOTAL,2023,130.008,,,,,,,,,,,,,,,
IT1:723_1040_DF_DCCV_RUOLOFAMCOND_4(1.0),A,ITCD,UNEMP_Y25-64,PA,F,Y25-64,ALL,TOTAL,N2,TOTAL,2023,53.291,,,,,,,,,,,,,,,
IT1:723_1040_DF_DCCV_RUOLOFAMCOND_4(1.0),A,ITCD,UNEMP_Y25-64,PA,F,Y25-64,ALL,TOTAL,N3_GE,TOTAL,2023,15.617,,,,,,,,,,,,,,,
IT1:723_1040_DF_DCCV_RUOLOFAMCOND_4(1.0),A,ITCD,UNEMP_Y25-64,PA,M,Y25-64,ALL,TOTAL,N1,TOTAL,2023,22.114,,,,,,,,,,,,,,,
IT1:723_1040_DF_DCCV_RUOLOFAMCOND_4(1.0),A,ITCD,UNEMP_Y25-64,PA,M,Y25-64,ALL,TOTAL,N1_GE,TOTAL,2023,51.182,,,,,,,,,,,,,,,
IT1:723_1040_DF_DCCV_RUOLOFAMCOND_4(1.0),A,ITCD,UNEMP_Y25-64,PA,M,Y25-64,ALL,TOTAL,N2,TOTAL,2023,17.824,,,,,,,,,,,,,,,
IT1:723_1040_DF_DCCV_RUOLOFAMCOND_4(1.0),A,ITCD,UNEMP_Y25-64,PA,M,Y25-64,ALL,TOTAL,N3_GE,TOTAL,2023,11.244,,,,,,,,,,,,,,,
IT1:723_1040_DF_DCCV_RUOLOFAMCOND_4(1.0),A,ITCD,UNEMP_Y25-64,PA,T,Y25-64,ALL,TOTAL,N1,TOTAL,2023,83.214,,,,,,,,,,,,,,,
IT1:723_1040_DF_DCCV_RUOLOFAMCOND_4(1.0),A,ITCD,UNEMP_Y25-64,PA,T,Y25-64,ALL,TOTAL,N1_GE,TOTAL,2023,181.19,,,,,,,,,,,,,,,
IT1:723_1040_DF_DCCV_RUOLOFAMCOND_4(1.0),A,ITCD,UNEMP_Y25-64,PA,T,Y25-64,ALL,TOTAL,N2,TOTAL,2023,71.116,,,,,,,,,,,,,,,
IT1:723_1040_DF_DCCV_RUOLOFAMCOND_4(1.0),A,ITCD,UNEMP_Y25-64,PA,T,Y25-64,ALL,TOTAL,N3_GE,TOTAL,2023,26.861,,,,,,,,,,,,,,,
IT1:723_1040_DF_DCCV_RUOLOFAMCOND_4(1.0),A,ITCD,UNEMP_Y25-64,PAC,F,Y25-64,ALL,TOTAL,N1,TOTAL,2023,44.717,,,,,,,,,,,,,,,
IT1:723_1040_DF_DCCV_RUOLOFAMCOND_4(1.0),A,ITCD,UNEMP_Y25-64,PAC,F,Y25-64,ALL,TOTAL,N1_GE,TOTAL,2023,103.568,,,,,,,,,,,,,,,
IT1:723_1040_DF_DCCV_RUOLOFAMCOND_4(1.0),A,ITCD,UNEMP_Y25-64,PAC,F,Y25-64,ALL,TOTAL,N2,TOTAL,2023,45.164,,,,,,,,,,,,,,,
IT1:723_1040_DF_DCCV_RUOLOFAMCOND_4(1.0),A,ITCD,UNEMP_Y25-64,PAC,F,Y25-64,ALL,TOTAL,N3_GE,TOTAL,2023,13.687,,,,,,,,,,,,,,,
IT1:723_1040_DF_DCCV_RUOLOFAMCOND_4(1.0),A,ITCD,UNEMP_Y25-64,PAC,M,Y25-64,ALL,TOTAL,N1,TOTAL,2023,19.676,,,,,,,,,,,,,,,
IT1:723_1040_DF_DCCV_RUOLOFAMCOND_4(1.0),A,ITCD,UNEMP_Y25-64,PAC,M,Y25-64,ALL,TOTAL,N1_GE,TOTAL,2023,48.33,,,,,,,,,,,,,,,
IT1:723_1040_DF_DCCV_RUOLOFAMCOND_4(1.0),A,ITCD,UNEMP_Y25-64,PAC,M,Y25-64,ALL,TOTAL,N2,TOTAL,2023,17.666,,,,,,,,,,,,,,,
IT1:723_1040_DF_DCCV_RUOLOFAMCOND_4(1.0),A,ITCD,UNEMP_Y25-64,PAC,M,Y25-64,ALL,TOTAL,N3_GE,TOTAL,2023,10.988,,,,,,,,,,,,,,,
IT1:723_1040_DF_DCCV_RUOLOFAMCOND_4(1.0),A,ITCD,UNEMP_Y25-64,PAC,T,Y25-64,ALL,TOTAL,N1,TOTAL,2023,64.393,,,,,,,,,,,,,,,
IT1:723_1040_DF_DCCV_RUOLOFAMCOND_4(1.0),A,ITCD,UNEMP_Y25-64,PAC,T,Y25-64,ALL,TOTAL,N1_GE,TOTAL,2023,151.897,,,,,,,,,,,,,,,
IT1:723_1040_DF_DCCV_RUOLOFAMCOND_4(1.0),A,ITCD,UNEMP_Y25-64,PAC,T,Y25-64,ALL,TOTAL,N2,TOTAL,2023,62.829,,,,,,,,,,,,,,,
IT1:723_1040_DF_DCCV_RUOLOFAMCOND_4(1.0),A,ITCD,UNEMP_Y25-64,PAC,T,Y25-64,ALL,TOTAL,N3_GE,TOTAL,2023,24.675,,,,,,,,,,,,,,,
IT1:723_1040_DF_DCCV_RUOLOFAMCOND_4(1.0),A,ITD,EMP_Y25-64,PA,F,Y25-64,ALL,TOTAL,N1,TOTAL,2023,612.571,,,,,,,,,,,,,,,
IT1:723_1040_DF_DCCV_RUOLOFAMCOND_4(1.0),A,ITD,EMP_Y25-64,PA,F,Y25-64,ALL,TOTAL,N1_GE,TOTAL,2023,1263.464,,,,,,,,,,,,,,,
IT1:723_1040_DF_DCCV_RUOLOFAMCOND_4(1.0),A,ITD,EMP_Y25-64,PA,F,Y25-64,ALL,TOTAL,N2,TOTAL,2023,556.236,,,,,,,,,,,,,,,
IT1:723_1040_DF_DCCV_RUOLOFAMCOND_4(1.0),A,ITD,EMP_Y25-64,PA,F,Y25-64,ALL,TOTAL,N3_GE,TOTAL,2023,94.657,,,,,,,,,,,,,,,
IT1:723_1040_DF_DCCV_RUOLOFAMCOND_4(1.0),A,ITD,EMP_Y25-64,PA,M,Y25-64,ALL,TOTAL,N1,TOTAL,2023,598.877,,,,,,,,,,,,,,,
IT1:723_1040_DF_DCCV_RUOLOFAMCOND_4(1.0),A,ITD,EMP_Y25-64,PA,M,Y25-64,ALL,TOTAL,N1_GE,TOTAL,2023,1351.619,,,,,,,,,,,,,,,
IT1:723_1040_DF_DCCV_RUOLOFAMCOND_4(1.0),A,ITD,EMP_Y25-64,PA,M,Y25-64,ALL,TOTAL,N2,TOTAL,2023,620.044,,,,,,,,,,,,,,,
IT1:723_1040_DF_DCCV_RUOLOFAMCOND_4(1.0),A,ITD,EMP_Y25-64,PA,M,Y25-64,ALL,TOTAL,N3_GE,TOTAL,2023,132.697,,,,,,,,,,,,,,,
IT1:723_1040_DF_DCCV_RUOLOFAMCOND_4(1.0),A,ITD,EMP_Y25-64,PA,T,Y25-64,ALL,TOTAL,N1,TOTAL,2023,1211.448,,,,,,,,,,,,,,,
IT1:723_1040_DF_DCCV_RUOLOFAMCOND_4(1.0),A,ITD,EMP_Y25-64,PA,T,Y25-64,ALL,TOTAL,N1_GE,TOTAL,2023,2615.083,,,,,,,,,,,,,,,
IT1:723_1040_DF_DCCV_RUOLOFAMCOND_4(1.0),A,ITD,EMP_Y25-64,PA,T,Y25-64,ALL,TOTAL,N2,TOTAL,2023,1176.28,,,,,,,,,,,,,,,
IT1:723_1040_DF_DCCV_RUOLOFAMCOND_4(1.0),A,ITD,EMP_Y25-64,PA,T,Y25-64,ALL,TOTAL,N3_GE,TOTAL,2023,227.354,,,,,,,,,,,,,,,
IT1:723_1040_DF_DCCV_RUOLOFAMCOND_4(1.0),A,ITD,EMP_Y25-64,PAC,F,Y25-64,ALL,TOTAL,N1,TOTAL,2023,490.457,,,,,,,,,,,,,,,
IT1:723_1040_DF_DCCV_RUOLOFAMCOND_4(1.0),A,ITD,EMP_Y25-64,PAC,F,Y25-64,ALL,TOTAL,N1_GE,TOTAL,2023,1065.296,,,,,,,,,,,,,,,
IT1:723_1040_DF_DCCV_RUOLOFAMCOND_4(1.0),A,ITD,EMP_Y25-64,PAC,F,Y25-64,ALL,TOTAL,N2,TOTAL,2023,491.838,,,,,,,,,,,,,,,
IT1:723_1040_DF_DCCV_RUOLOFAMCOND_4(1.0),A,ITD,EMP_Y25-64,PAC,F,Y25-64,ALL,TOTAL,N3_GE,TOTAL,2023,83.001,,,,,,,,,,,,,,,
IT1:723_1040_DF_DCCV_RUOLOFAMCOND_4(1.0),A,ITD,EMP_Y25-64,PAC,M,Y25-64,ALL,TOTAL,N1,TOTAL,2023,566.887,,,,,,,,,,,,,,,
IT1:723_1040_DF_DCCV_RUOLOFAMCOND_4(1.0),A,ITD,EMP_Y25-64,PAC,M,Y25-64,ALL,TOTAL,N1_GE,TOTAL,2023,1308.708,,,,,,,,,,,,,,,
IT1:723_1040_DF_DCCV_RUOLOFAMCOND_4(1.0),A,ITD,EMP_Y25-64,PAC,M,Y25-64,ALL,TOTAL,N2,TOTAL,2023,609.829,,,,,,,,,,,,,,,
IT1:723_1040_DF_DCCV_RUOLOFAMCOND_4(1.0),A,ITD,EMP_Y25-64,PAC,M,Y25-64,ALL,TOTAL,N3_GE,TOTAL,2023,131.992,,,,,,,,,,,,,,,
IT1:723_1040_DF_DCCV_RUOLOFAMCOND_4(1.0),A,ITD,EMP_Y25-64,PAC,T,Y25-64,ALL,TOTAL,N1,TOTAL,2023,1057.344,,,,,,,,,,,,,,,
IT1:723_1040_DF_DCCV_RUOLOFAMCOND_4(1.0),A,ITD,EMP_Y25-64,PAC,T,Y25-64,ALL,TOTAL,N1_GE,TOTAL,2023,2374.004,,,,,,,,,,,,,,,
IT1:723_1040_DF_DCCV_RUOLOFAMCOND_4(1.0),A,ITD,EMP_Y25-64,PAC,T,Y25-64,ALL,TOTAL,N2,TOTAL,2023,1101.667,,,,,,,,,,,,,,,
IT1:723_1040_DF_DCCV_RUOLOFAMCOND_4(1.0),A,ITD,EMP_Y25-64,PAC,T,Y25-64,ALL,TOTAL,N3_GE,TOTAL,2023,214.993,,,,,,,,,,,,,,,
IT1:723_1040_DF_DCCV_RUOLOFAMCOND_4(1.0),A,ITD,FOR_Y25-64,PA,F,Y25-64,ALL,TOTAL,N1,TOTAL,2023,639.326,,,,,,,,,,,,,,,
IT1:723_1040_DF_DCCV_RUOLOFAMCOND_4(1.0),A,ITD,FOR_Y25-64,PA,F,Y25-64,ALL,TOTAL,N1_GE,TOTAL,2023,1320.546,,,,,,,,,,,,,,,
IT1:723_1040_DF_DCCV_RUOLOFAMCOND_4(1.0),A,ITD,FOR_Y25-64,PA,F,Y25-64,ALL,TOTAL,N2,TOTAL,2023,579.107,,,,,,,,,,,,,,,
IT1:723_1040_DF_DCCV_RUOLOFAMCOND_4(1.0),A,ITD,FOR_Y25-64,PA,F,Y25-64,ALL,TOTAL,N3_GE,TOTAL,2023,102.113,,,,,,,,,,,,,,,
IT1:723_1040_DF_DCCV_RUOLOFAMCOND_4(1.0),A,ITD,FOR_Y25-64,PA,M,Y25-64,ALL,TOTAL,N1,TOTAL,2023,606.249,,,,,,,,,,,,,,,
IT1:723_1040_DF_DCCV_RUOLOFAMCOND_4(1.0),A,ITD,FOR_Y25-64,PA,M,Y25-64,ALL,TOTAL,N1_GE,TOTAL,2023,1371.783,,,,,,,,,,,,,,,
IT1:723_1040_DF_DCCV_RUOLOFAMCOND_4(1.0),A,ITD,FOR_Y25-64,PA,M,Y25-64,ALL,TOTAL,N2,TOTAL,2023,628.972,,,,,,,,,,,,,,,
IT1:723_1040_DF_DCCV_RUOLOFAMCOND_4(1.0),A,ITD,FOR_Y25-64,PA,M,Y25-64,ALL,TOTAL,N3_GE,TOTAL,2023,136.562,,,,,,,,,,,,,,,
IT1:723_1040_DF_DCCV_RUOLOFAMCOND_4(1.0),A,ITD,FOR_Y25-64,PA,T,Y25-64,ALL,TOTAL,N1,TOTAL,2023,1245.575,,,,,,,,,,,,,,,
IT1:723_1040_DF_DCCV_RUOLOFAMCOND_4(1.0),A,ITD,FOR_Y25-64,PA,T,Y25-64,ALL,TOTAL,N1_GE,TOTAL,2023,2692.328,,,,,,,,,,,,,,,
IT1:723_1040_DF_DCCV_RUOLOFAMCOND_4(1.0),A,ITD,FOR_Y25-64,PA,T,Y25-64,ALL,TOTAL,N2,TOTAL,2023,1208.079,,,,,,,,,,,,,,,
IT1:723_1040_DF_DCCV_RUOLOFAMCOND_4(1.0),A,ITD,FOR_Y25-64,PA,T,Y25-64,ALL,TOTAL,N3_GE,TOTAL,2023,238.675,,,,,,,,,,,,,,,
IT1:723_1040_DF_DCCV_RUOLOFAMCOND_4(1.0),A,ITD,FOR_Y25-64,PAC,F,Y25-64,ALL,TOTAL,N1,TOTAL,2023,512.165,,,,,,,,,,,,,,,
IT1:723_1040_DF_DCCV_RUOLOFAMCOND_4(1.0),A,ITD,FOR_Y25-64,PAC,F,Y25-64,ALL,TOTAL,N1_GE,TOTAL,2023,1113.401,,,,,,,,,,,,,,,
IT1:723_1040_DF_DCCV_RUOLOFAMCOND_4(1.0),A,ITD,FOR_Y25-64,PAC,F,Y25-64,ALL,TOTAL,N2,TOTAL,2023,511.808,,,,,,,,,,,,,,,
IT1:723_1040_DF_DCCV_RUOLOFAMCOND_4(1.0),A,ITD,FOR_Y25-64,PAC,F,Y25-64,ALL,TOTAL,N3_GE,TOTAL,2023,89.427,,,,,,,,,,,,,,,
IT1:723_1040_DF_DCCV_RUOLOFAMCOND_4(1.0),A,ITD,FOR_Y25-64,PAC,M,Y25-64,ALL,TOTAL,N1,TOTAL,2023,573.68,,,,,,,,,,,,,,,
IT1:723_1040_DF_DCCV_RUOLOFAMCOND_4(1.0),A,ITD,FOR_Y25-64,PAC,M,Y25-64,ALL,TOTAL,N1_GE,TOTAL,2023,1328.19,,,,,,,,,,,,,,,
IT1:723_1040_DF_DCCV_RUOLOFAMCOND_4(1.0),A,ITD,FOR_Y25-64,PAC,M,Y25-64,ALL,TOTAL,N2,TOTAL,2023,618.653,,,,,,,,,,,,,,,
IT1:723_1040_DF_DCCV_RUOLOFAMCOND_4(1.0),A,ITD,FOR_Y25-64,PAC,M,Y25-64,ALL,TOTAL,N3_GE,TOTAL,2023,135.857,,,,,,,,,,,,,,,
IT1:723_1040_DF_DCCV_RUOLOFAMCOND_4(1.0),A,ITD,FOR_Y25-64,PAC,T,Y25-64,ALL,TOTAL,N1,TOTAL,2023,1085.846,,,,,,,,,,,,,,,
IT1:723_1040_DF_DCCV_RUOLOFAMCOND_4(1.0),A,ITD,FOR_Y25-64,PAC,T,Y25-64,ALL,TOTAL,N1_GE,TOTAL,2023,2441.591,,,,,,,,,,,,,,,
IT1:723_1040_DF_DCCV_RUOLOFAMCOND_4(1.0),A,ITD,FOR_Y25-64,PAC,T,Y25-64,ALL,TOTAL,N2,TOTAL,2023,1130.461,,,,,,,,,,,,,,,
IT1:723_1040_DF_DCCV_RUOLOFAMCOND_4(1.0),A,ITD,FOR_Y25-64,PAC,T,Y25-64,ALL,TOTAL,N3_GE,TOTAL,2023,225.284,,,,,,,,,,,,,,,
IT1:723_1040_DF_DCCV_RUOLOFAMCOND_4(1.0),A,ITD,INAC_Y25-64,PA,F,Y25-64,ALL,TOTAL,N1,TOTAL,2023,213.36,,,,,,,,,,,,,,,
IT1:723_1040_DF_DCCV_RUOLOFAMCOND_4(1.0),A,ITD,INAC_Y25-64,PA,F,Y25-64,ALL,TOTAL,N1_GE,TOTAL,2023,444.539,,,,,,,,,,,,,,,
IT1:723_1040_DF_DCCV_RUOLOFAMCOND_4(1.0),A,ITD,INAC_Y25-64,PA,F,Y25-64,ALL,TOTAL,N2,TOTAL,2023,175.458,,,,,,,,,,,,,,,
IT1:723_1040_DF_DCCV_RUOLOFAMCOND_4(1.0),A,ITD,INAC_Y25-64,PA,F,Y25-64,ALL,TOTAL,N3_GE,TOTAL,2023,55.721,,,,,,,,,,,,,,,
IT1:723_1040_DF_DCCV_RUOLOFAMCOND_4(1.0),A,ITD,INAC_Y25-64,PA,M,Y25-64,ALL,TOTAL,N1,TOTAL,2023,72.933,,,,,,,,,,,,,,,
IT1:723_1040_DF_DCCV_RUOLOFAMCOND_4(1.0),A,ITD,INAC_Y25-64,PA,M,Y25-64,ALL,TOTAL,N1_GE,TOTAL,2023,119.263,,,,,,,,,,,,,,,
IT1:723_1040_DF_DCCV_RUOLOFAMCOND_4(1.0),A,ITD,INAC_Y25-64,PA,M,Y25-64,ALL,TOTAL,N2,TOTAL,2023,40.766,,,,,,,,,,,,,,,
IT1:723_1040_DF_DCCV_RUOLOFAMCOND_4(1.0),A,ITD,INAC_Y25-64,PA,M,Y25-64,ALL,TOTAL,N3_GE,TOTAL,2023,5.564,,,,,,,,,,,,,,,
IT1:723_1040_DF_DCCV_RUOLOFAMCOND_4(1.0),A,ITD,INAC_Y25-64,PA,T,Y25-64,ALL,TOTAL,N1,TOTAL,2023,286.293,,,,,,,,,,,,,,,
IT1:723_1040_DF_DCCV_RUOLOFAMCOND_4(1.0),A,ITD,INAC_Y25-64,PA,T,Y25-64,ALL,TOTAL,N1_GE,TOTAL,2023,563.802,,,,,,,,,,,,,,,
IT1:723_1040_DF_DCCV_RUOLOFAMCOND_4(1.0),A,ITD,INAC_Y25-64,PA,T,Y25-64,ALL,TOTAL,N2,TOTAL,2023,216.224,,,,,,,,,,,,,,,
IT1:723_1040_DF_DCCV_RUOLOFAMCOND_4(1.0),A,ITD,INAC_Y25-64,PA,T,Y25-64,ALL,TOTAL,N3_GE,TOTAL,2023,61.285,,,,,,,,,,,,,,,
IT1:723_1040_DF_DCCV_RUOLOFAMCOND_4(1.0),A,ITD,INAC_Y25-64,PAC,F,Y25-64,ALL,TOTAL,N1,TOTAL,2023,181.179,,,,,,,,,,,,,,,
IT1:723_1040_DF_DCCV_RUOLOFAMCOND_4(1.0),A,ITD,INAC_Y25-64,PAC,F,Y25-64,ALL,TOTAL,N1_GE,TOTAL,2023,397.613,,,,,,,,,,,,,,,
IT1:723_1040_DF_DCCV_RUOLOFAMCOND_4(1.0),A,ITD,INAC_Y25-64,PAC,F,Y25-64,ALL,TOTAL,N2,TOTAL,2023,162.609,,,,,,,,,,,,,,,
IT1:723_1040_DF_DCCV_RUOLOFAMCOND_4(1.0),A,ITD,INAC_Y25-64,PAC,F,Y25-64,ALL,TOTAL,N3_GE,TOTAL,2023,53.825,,,,,,,,,,,,,,,
IT1:723_1040_DF_DCCV_RUOLOFAMCOND_4(1.0),A,ITD,INAC_Y25-64,PAC,M,Y25-64,ALL,TOTAL,N1,TOTAL,2023,65.303,,,,,,,,,,,,,,,
IT1:723_1040_DF_DCCV_RUOLOFAMCOND_4(1.0),A,ITD,INAC_Y25-64,PAC,M,Y25-64,ALL,TOTAL,N1_GE,TOTAL,2023,110.138,,,,,,,,,,,,,,,
IT1:723_1040_DF_DCCV_RUOLOFAMCOND_4(1.0),A,ITD,INAC_Y25-64,PAC,M,Y25-64,ALL,TOTAL,N2,TOTAL,2023,39.271,,,,,,,,,,,,,,,
IT1:723_1040_DF_DCCV_RUOLOFAMCOND_4(1.0),A,ITD,INAC_Y25-64,PAC,M,Y25-64,ALL,TOTAL,N3_GE,TOTAL,2023,5.564,,,,,,,,,,,,,,,
IT1:723_1040_DF_DCCV_RUOLOFAMCOND_4(1.0),A,ITD,INAC_Y25-64,PAC,T,Y25-64,ALL,TOTAL,N1,TOTAL,2023,246.482,,,,,,,,,,,,,,,
IT1:723_1040_DF_DCCV_RUOLOFAMCOND_4(1.0),A,ITD,INAC_Y25-64,PAC,T,Y25-64,ALL,TOTAL,N1_GE,TOTAL,2023,507.751,,,,,,,,,,,,,,,
IT1:723_1040_DF_DCCV_RUOLOFAMCOND_4(1.0),A,ITD,INAC_Y25-64,PAC,T,Y25-64,ALL,TOTAL,N2,TOTAL,2023,201.88,,,,,,,,,,,,,,,
IT1:723_1040_DF_DCCV_RUOLOFAMCOND_4(1.0),A,ITD,INAC_Y25-64,PAC,T,Y25-64,ALL,TOTAL,N3_GE,TOTAL,2023,59.389,,,,,,,,,,,,,,,
IT1:723_1040_DF_DCCV_RUOLOFAMCOND_4(1.0),A,ITD,UNEMP_Y25-64,PA,F,Y25-64,ALL,TOTAL,N1,TOTAL,2023,26.755,,,,,,,,,,,,,,,
IT1:723_1040_DF_DCCV_RUOLOFAMCOND_4(1.0),A,ITD,UNEMP_Y25-64,PA,F,Y25-64,ALL,TOTAL,N1_GE,TOTAL,2023,57.082,,,,,,,,,,,,,,,
IT1:723_1040_DF_DCCV_RUOLOFAMCOND_4(1.0),A,ITD,UNEMP_Y25-64,PA,F,Y25-64,ALL,TOTAL,N2,TOTAL,2023,22.871,,,,,,,,,,,,,,,
IT1:723_1040_DF_DCCV_RUOLOFAMCOND_4(1.0),A,ITD,UNEMP_Y25-64,PA,F,Y25-64,ALL,TOTAL,N3_GE,TOTAL,2023,7.456,,,,,,,,,,,,,,,
IT1:723_1040_DF_DCCV_RUOLOFAMCOND_4(1.0),A,ITD,UNEMP_Y25-64,PA,M,Y25-64,ALL,TOTAL,N1,TOTAL,2023,7.371,,,,,,,,,,,,,,,
IT1:723_1040_DF_DCCV_RUOLOFAMCOND_4(1.0),A,ITD,UNEMP_Y25-64,PA,M,Y25-64,ALL,TOTAL,N1_GE,TOTAL,2023,20.164,,,,,,,,,,,,,,,
IT1:723_1040_DF_DCCV_RUOLOFAMCOND_4(1.0),A,ITD,UNEMP_Y25-64,PA,M,Y25-64,ALL,TOTAL,N2,TOTAL,2023,8.928,,,,,,,,,,,,,,,
IT1:723_1040_DF_DCCV_RUOLOFAMCOND_4(1.0),A,ITD,UNEMP_Y25-64,PA,M,Y25-64,ALL,TOTAL,N3_GE,TOTAL,2023,3.865,,,,,,,,,,,,,,,
IT1:723_1040_DF_DCCV_RUOLOFAMCOND_4(1.0),A,ITD,UNEMP_Y25-64,PA,T,Y25-64,ALL,TOTAL,N1,TOTAL,2023,34.127,,,,,,,,,,,,,,,
IT1:723_1040_DF_DCCV_RUOLOFAMCOND_4(1.0),A,ITD,UNEMP_Y25-64,PA,T,Y25-64,ALL,TOTAL,N1_GE,TOTAL,2023,77.246,,,,,,,,,,,,,,,
IT1:723_1040_DF_DCCV_RUOLOFAMCOND_4(1.0),A,ITD,UNEMP_Y25-64,PA,T,Y25-64,ALL,TOTAL,N2,TOTAL,2023,31.799,,,,,,,,,,,,,,,
IT1:723_1040_DF_DCCV_RUOLOFAMCOND_4(1.0),A,ITD,UNEMP_Y25-64,PA,T,Y25-64,ALL,TOTAL,N3_GE,TOTAL,2023,11.32,,,,,,,,,,,,,,,
IT1:723_1040_DF_DCCV_RUOLOFAMCOND_4(1.0),A,ITD,UNEMP_Y25-64,PAC,F,Y25-64,ALL,TOTAL,N1,TOTAL,2023,21.708,,,,,,,,,,,,,,,
IT1:723_1040_DF_DCCV_RUOLOFAMCOND_4(1.0),A,ITD,UNEMP_Y25-64,PAC,F,Y25-64,ALL,TOTAL,N1_GE,TOTAL,2023,48.105,,,,,,,,,,,,,,,
IT1:723_1040_DF_DCCV_RUOLOFAMCOND_4(1.0),A,ITD,UNEMP_Y25-64,PAC,F,Y25-64,ALL,TOTAL,N2,TOTAL,2023,19.97,,,,,,,,,,,,,,,
IT1:723_1040_DF_DCCV_RUOLOFAMCOND_4(1.0),A,ITD,UNEMP_Y25-64,PAC,F,Y25-64,ALL,TOTAL,N3_GE,TOTAL,2023,6.427,,,,,,,,,,,,,,,
IT1:723_1040_DF_DCCV_RUOLOFAMCOND_4(1.0),A,ITD,UNEMP_Y25-64,PAC,M,Y25-64,ALL,TOTAL,N1,TOTAL,2023,6.793,,,,,,,,,,,,,,,
IT1:723_1040_DF_DCCV_RUOLOFAMCOND_4(1.0),A,ITD,UNEMP_Y25-64,PAC,M,Y25-64,ALL,TOTAL,N1_GE,TOTAL,2023,19.482,,,,,,,,,,,,,,,
IT1:723_1040_DF_DCCV_RUOLOFAMCOND_4(1.0),A,ITD,UNEMP_Y25-64,PAC,M,Y25-64,ALL,TOTAL,N2,TOTAL,2023,8.824,,,,,,,,,,,,,,,
IT1:723_1040_DF_DCCV_RUOLOFAMCOND_4(1.0),A,ITD,UNEMP_Y25-64,PAC,M,Y25-64,ALL,TOTAL,N3_GE,TOTAL,2023,3.865,,,,,,,,,,,,,,,
IT1:723_1040_DF_DCCV_RUOLOFAMCOND_4(1.0),A,ITD,UNEMP_Y25-64,PAC,T,Y25-64,ALL,TOTAL,N1,TOTAL,2023,28.502,,,,,,,,,,,,,,,
IT1:723_1040_DF_DCCV_RUOLOFAMCOND_4(1.0),A,ITD,UNEMP_Y25-64,PAC,T,Y25-64,ALL,TOTAL,N1_GE,TOTAL,2023,67.587,,,,,,,,,,,,,,,
IT1:723_1040_DF_DCCV_RUOLOFAMCOND_4(1.0),A,ITD,UNEMP_Y25-64,PAC,T,Y25-64,ALL,TOTAL,N2,TOTAL,2023,28.794,,,,,,,,,,,,,,,
IT1:723_1040_DF_DCCV_RUOLOFAMCOND_4(1.0),A,ITD,UNEMP_Y25-64,PAC,T,Y25-64,ALL,TOTAL,N3_GE,TOTAL,2023,10.291,,,,,,,,,,,,,,,
IT1:723_1040_DF_DCCV_RUOLOFAMCOND_4(1.0),A,ITE,EMP_Y25-64,PA,F,Y25-64,ALL,TOTAL,N1,TOTAL,2023,604.899,,,,,,,,,,,,,,,
IT1:723_1040_DF_DCCV_RUOLOFAMCOND_4(1.0),A,ITE,EMP_Y25-64,PA,F,Y25-64,ALL,TOTAL,N1_GE,TOTAL,2023,1190.657,,,,,,,,,,,,,,,
IT1:723_1040_DF_DCCV_RUOLOFAMCOND_4(1.0),A,ITE,EMP_Y25-64,PA,F,Y25-64,ALL,TOTAL,N2,TOTAL,2023,508.68,,,,,,,,,,,,,,,
IT1:723_1040_DF_DCCV_RUOLOFAMCOND_4(1.0),A,ITE,EMP_Y25-64,PA,F,Y25-64,ALL,TOTAL,N3_GE,TOTAL,2023,77.077,,,,,,,,,,,,,,,
IT1:723_1040_DF_DCCV_RUOLOFAMCOND_4(1.0),A,ITE,EMP_Y25-64,PA,M,Y25-64,ALL,TOTAL,N1,TOTAL,2023,600.678,,,,,,,,,,,,,,,
IT1:723_1040_DF_DCCV_RUOLOFAMCOND_4(1.0),A,ITE,EMP_Y25-64,PA,M,Y25-64,ALL,TOTAL,N1_GE,TOTAL,2023,1311.78,,,,,,,,,,,,,,,
IT1:723_1040_DF_DCCV_RUOLOFAMCOND_4(1.0),A,ITE,EMP_Y25-64,PA,M,Y25-64,ALL,TOTAL,N2,TOTAL,2023,593.613,,,,,,,,,,,,,,,
IT1:723_1040_DF_DCCV_RUOLOFAMCOND_4(1.0),A,ITE,EMP_Y25-64,PA,M,Y25-64,ALL,TOTAL,N3_GE,TOTAL,2023,117.489,,,,,,,,,,,,,,,
IT1:723_1040_DF_DCCV_RUOLOFAMCOND_4(1.0),A,ITE,EMP_Y25-64,PA,T,Y25-64,ALL,TOTAL,N1,TOTAL,2023,1205.577,,,,,,,,,,,,,,,
IT1:723_1040_DF_DCCV_RUOLOFAMCOND_4(1.0),A,ITE,EMP_Y25-64,PA,T,Y25-64,ALL,TOTAL,N1_GE,TOTAL,2023,2502.437,,,,,,,,,,,,,,,
IT1:723_1040_DF_DCCV_RUOLOFAMCOND_4(1.0),A,ITE,EMP_Y25-64,PA,T,Y25-64,ALL,TOTAL,N2,TOTAL,2023,1102.293,,,,,,,,,,,,,,,
IT1:723_1040_DF_DCCV_RUOLOFAMCOND_4(1.0),A,ITE,EMP_Y25-64,PA,T,Y25-64,ALL,TOTAL,N3_GE,TOTAL,2023,194.567,,,,,,,,,,,,,,,
IT1:723_1040_DF_DCCV_RUOLOFAMCOND_4(1.0),A,ITE,EMP_Y25-64,PAC,F,Y25-64,ALL,TOTAL,N1,TOTAL,2023,454.316,,,,,,,,,,,,,,,
IT1:723_1040_DF_DCCV_RUOLOFAMCOND_4(1.0),A,ITE,EMP_Y25-64,PAC,F,Y25-64,ALL,TOTAL,N1_GE,TOTAL,2023,957.793,,,,,,,,,,,,,,,
IT1:723_1040_DF_DCCV_RUOLOFAMCOND_4(1.0),A,ITE,EMP_Y25-64,PAC,F,Y25-64,ALL,TOTAL,N2,TOTAL,2023,435.119,,,,,,,,,,,,,,,
IT1:723_1040_DF_DCCV_RUOLOFAMCOND_4(1.0),A,ITE,EMP_Y25-64,PAC,F,Y25-64,ALL,TOTAL,N3_GE,TOTAL,2023,68.358,,,,,,,,,,,,,,,
IT1:723_1040_DF_DCCV_RUOLOFAMCOND_4(1.0),A,ITE,EMP_Y25-64,PAC,M,Y25-64,ALL,TOTAL,N1,TOTAL,2023,572.334,,,,,,,,,,,,,,,
IT1:723_1040_DF_DCCV_RUOLOFAMCOND_4(1.0),A,ITE,EMP_Y25-64,PAC,M,Y25-64,ALL,TOTAL,N1_GE,TOTAL,2023,1265.756,,,,,,,,,,,,,,,
IT1:723_1040_DF_DCCV_RUOLOFAMCOND_4(1.0),A,ITE,EMP_Y25-64,PAC,M,Y25-64,ALL,TOTAL,N2,TOTAL,2023,577.354,,,,,,,,,,,,,,,
IT1:723_1040_DF_DCCV_RUOLOFAMCOND_4(1.0),A,ITE,EMP_Y25-64,PAC,M,Y25-64,ALL,TOTAL,N3_GE,TOTAL,2023,116.068,,,,,,,,,,,,,,,
IT1:723_1040_DF_DCCV_RUOLOFAMCOND_4(1.0),A,ITE,EMP_Y25-64,PAC,T,Y25-64,ALL,TOTAL,N1,TOTAL,2023,1026.65,,,,,,,,,,,,,,,
IT1:723_1040_DF_DCCV_RUOLOFAMCOND_4(1.0),A,ITE,EMP_Y25-64,PAC,T,Y25-64,ALL,TOTAL,N1_GE,TOTAL,2023,2223.549,,,,,,,,,,,,,,,
IT1:723_1040_DF_DCCV_RUOLOFAMCOND_4(1.0),A,ITE,EMP_Y25-64,PAC,T,Y25-64,ALL,TOTAL,N2,TOTAL,2023,1012.473,,,,,,,,,,,,,,,
IT1:723_1040_DF_DCCV_RUOLOFAMCOND_4(1.0),A,ITE,EMP_Y25-64,PAC,T,Y25-64,ALL,TOTAL,N3_GE,TOTAL,2023,184.426,,,,,,,,,,,,,,,
IT1:723_1040_DF_DCCV_RUOLOFAMCOND_4(1.0),A,ITE,FOR_Y25-64,PA,F,Y25-64,ALL,TOTAL,N1,TOTAL,2023,645.084,,,,,,,,,,,,,,,
IT1:723_1040_DF_DCCV_RUOLOFAMCOND_4(1.0),A,ITE,FOR_Y25-64,PA,F,Y25-64,ALL,TOTAL,N1_GE,TOTAL,2023,1272.319,,,,,,,,,,,,,,,
IT1:723_1040_DF_DCCV_RUOLOFAMCOND_4(1.0),A,ITE,FOR_Y25-64,PA,F,Y25-64,ALL,TOTAL,N2,TOTAL,2023,542.468,,,,,,,,,,,,,,,
IT1:723_1040_DF_DCCV_RUOLOFAMCOND_4(1.0),A,ITE,FOR_Y25-64,PA,F,Y25-64,ALL,TOTAL,N3_GE,TOTAL,2023,84.767,,,,,,,,,,,,,,,
IT1:723_1040_DF_DCCV_RUOLOFAMCOND_4(1.0),A,ITE,FOR_Y25-64,PA,M,Y25-64,ALL,TOTAL,N1,TOTAL,2023,618.412,,,,,,,,,,,,,,,
IT1:723_1040_DF_DCCV_RUOLOFAMCOND_4(1.0),A,ITE,FOR_Y25-64,PA,M,Y25-64,ALL,TOTAL,N1_GE,TOTAL,2023,1348.342,,,,,,,,,,,,,,,
IT1:723_1040_DF_DCCV_RUOLOFAMCOND_4(1.0),A,ITE,FOR_Y25-64,PA,M,Y25-64,ALL,TOTAL,N2,TOTAL,2023,609.478,,,,,,,,,,,,,,,
IT1:723_1040_DF_DCCV_RUOLOFAMCOND_4(1.0),A,ITE,FOR_Y25-64,PA,M,Y25-64,ALL,TOTAL,N3_GE,TOTAL,2023,120.452,,,,,,,,,,,,,,,
IT1:723_1040_DF_DCCV_RUOLOFAMCOND_4(1.0),A,ITE,FOR_Y25-64,PA,T,Y25-64,ALL,TOTAL,N1,TOTAL,2023,1263.496,,,,,,,,,,,,,,,
IT1:723_1040_DF_DCCV_RUOLOFAMCOND_4(1.0),A,ITE,FOR_Y25-64,PA,T,Y25-64,ALL,TOTAL,N1_GE,TOTAL,2023,2620.661,,,,,,,,,,,,,,,
IT1:723_1040_DF_DCCV_RUOLOFAMCOND_4(1.0),A,ITE,FOR_Y25-64,PA,T,Y25-64,ALL,TOTAL,N2,TOTAL,2023,1151.946,,,,,,,,,,,,,,,
IT1:723_1040_DF_DCCV_RUOLOFAMCOND_4(1.0),A,ITE,FOR_Y25-64,PA,T,Y25-64,ALL,TOTAL,N3_GE,TOTAL,2023,205.219,,,,,,,,,,,,,,,
IT1:723_1040_DF_DCCV_RUOLOFAMCOND_4(1.0),A,ITE,FOR_Y25-64,PAC,F,Y25-64,ALL,TOTAL,N1,TOTAL,2023,478.791,,,,,,,,,,,,,,,
IT1:723_1040_DF_DCCV_RUOLOFAMCOND_4(1.0),A,ITE,FOR_Y25-64,PAC,F,Y25-64,ALL,TOTAL,N1_GE,TOTAL,2023,1014.076,,,,,,,,,,,,,,,
IT1:723_1040_DF_DCCV_RUOLOFAMCOND_4(1.0),A,ITE,FOR_Y25-64,PAC,F,Y25-64,ALL,TOTAL,N2,TOTAL,2023,462.028,,,,,,,,,,,,,,,
IT1:723_1040_DF_DCCV_RUOLOFAMCOND_4(1.0),A,ITE,FOR_Y25-64,PAC,F,Y25-64,ALL,TOTAL,N3_GE,TOTAL,2023,73.258,,,,,,,,,,,,,,,
IT1:723_1040_DF_DCCV_RUOLOFAMCOND_4(1.0),A,ITE,FOR_Y25-64,PAC,M,Y25-64,ALL,TOTAL,N1,TOTAL,2023,588.641,,,,,,,,,,,,,,,
IT1:723_1040_DF_DCCV_RUOLOFAMCOND_4(1.0),A,ITE,FOR_Y25-64,PAC,M,Y25-64,ALL,TOTAL,N1_GE,TOTAL,2023,1300.43,,,,,,,,,,,,,,,
IT1:723_1040_DF_DCCV_RUOLOFAMCOND_4(1.0),A,ITE,FOR_Y25-64,PAC,M,Y25-64,ALL,TOTAL,N2,TOTAL,2023,593.045,,,,,,,,,,,,,,,
IT1:723_1040_DF_DCCV_RUOLOFAMCOND_4(1.0),A,ITE,FOR_Y25-64,PAC,M,Y25-64,ALL,TOTAL,N3_GE,TOTAL,2023,118.744,,,,,,,,,,,,,,,
IT1:723_1040_DF_DCCV_RUOLOFAMCOND_4(1.0),A,ITE,FOR_Y25-64,PAC,T,Y25-64,ALL,TOTAL,N1,TOTAL,2023,1067.432,,,,,,,,,,,,,,,
IT1:723_1040_DF_DCCV_RUOLOFAMCOND_4(1.0),A,ITE,FOR_Y25-64,PAC,T,Y25-64,ALL,TOTAL,N1_GE,TOTAL,2023,2314.507,,,,,,,,,,,,,,,
IT1:723_1040_DF_DCCV_RUOLOFAMCOND_4(1.0),A,ITE,FOR_Y25-64,PAC,T,Y25-64,ALL,TOTAL,N2,TOTAL,2023,1055.072,,,,,,,,,,,,,,,
IT1:723_1040_DF_DCCV_RUOLOFAMCOND_4(1.0),A,ITE,FOR_Y25-64,PAC,T,Y25-64,ALL,TOTAL,N3_GE,TOTAL,2023,192.003,,,,,,,,,,,,,,,
IT1:723_1040_DF_DCCV_RUOLOFAMCOND_4(1.0),A,ITE,INAC_Y25-64,PA,F,Y25-64,ALL,TOTAL,N1,TOTAL,2023,280.793,,,,,,,,,,,,,,,
IT1:723_1040_DF_DCCV_RUOLOFAMCOND_4(1.0),A,ITE,INAC_Y25-64,PA,F,Y25-64,ALL,TOTAL,N1_GE,TOTAL,2023,554.815,,,,,,,,,,,,,,,
IT1:723_1040_DF_DCCV_RUOLOFAMCOND_4(1.0),A,ITE,INAC_Y25-64,PA,F,Y25-64,ALL,TOTAL,N2,TOTAL,2023,213.037,,,,,,,,,,,,,,,
IT1:723_1040_DF_DCCV_RUOLOFAMCOND_4(1.0),A,ITE,INAC_Y25-64,PA,F,Y25-64,ALL,TOTAL,N3_GE,TOTAL,2023,60.985,,,,,,,,,,,,,,,
IT1:723_1040_DF_DCCV_RUOLOFAMCOND_4(1.0),A,ITE,INAC_Y25-64,PA,M,Y25-64,ALL,TOTAL,N1,TOTAL,2023,76.718,,,,,,,,,,,,,,,
IT1:723_1040_DF_DCCV_RUOLOFAMCOND_4(1.0),A,ITE,INAC_Y25-64,PA,M,Y25-64,ALL,TOTAL,N1_GE,TOTAL,2023,131.318,,,,,,,,,,,,,,,
IT1:723_1040_DF_DCCV_RUOLOFAMCOND_4(1.0),A,ITE,INAC_Y25-64,PA,M,Y25-64,ALL,TOTAL,N2,TOTAL,2023,46.049,,,,,,,,,,,,,,,
IT1:723_1040_DF_DCCV_RUOLOFAMCOND_4(1.0),A,ITE,INAC_Y25-64,PA,M,Y25-64,ALL,TOTAL,N3_GE,TOTAL,2023,8.551,,,,,,,,,,,,,,,
IT1:723_1040_DF_DCCV_RUOLOFAMCOND_4(1.0),A,ITE,INAC_Y25-64,PA,T,Y25-64,ALL,TOTAL,N1,TOTAL,2023,357.511,,,,,,,,,,,,,,,
IT1:723_1040_DF_DCCV_RUOLOFAMCOND_4(1.0),A,ITE,INAC_Y25-64,PA,T,Y25-64,ALL,TOTAL,N1_GE,TOTAL,2023,686.134,,,,,,,,,,,,,,,
IT1:723_1040_DF_DCCV_RUOLOFAMCOND_4(1.0),A,ITE,INAC_Y25-64,PA,T,Y25-64,ALL,TOTAL,N2,TOTAL,2023,259.086,,,,,,,,,,,,,,,
IT1:723_1040_DF_DCCV_RUOLOFAMCOND_4(1.0),A,ITE,INAC_Y25-64,PA,T,Y25-64,ALL,TOTAL,N3_GE,TOTAL,2023,69.537,,,,,,,,,,,,,,,
IT1:723_1040_DF_DCCV_RUOLOFAMCOND_4(1.0),A,ITE,INAC_Y25-64,PAC,F,Y25-64,ALL,TOTAL,N1,TOTAL,2023,238.071,,,,,,,,,,,,,,,
IT1:723_1040_DF_DCCV_RUOLOFAMCOND_4(1.0),A,ITE,INAC_Y25-64,PAC,F,Y25-64,ALL,TOTAL,N1_GE,TOTAL,2023,488.345,,,,,,,,,,,,,,,
IT1:723_1040_DF_DCCV_RUOLOFAMCOND_4(1.0),A,ITE,INAC_Y25-64,PAC,F,Y25-64,ALL,TOTAL,N2,TOTAL,2023,193.764,,,,,,,,,,,,,,,
IT1:723_1040_DF_DCCV_RUOLOFAMCOND_4(1.0),A,ITE,INAC_Y25-64,PAC,F,Y25-64,ALL,TOTAL,N3_GE,TOTAL,2023,56.51,,,,,,,,,,,,,,,
IT1:723_1040_DF_DCCV_RUOLOFAMCOND_4(1.0),A,ITE,INAC_Y25-64,PAC,M,Y25-64,ALL,TOTAL,N1,TOTAL,2023,66.53,,,,,,,,,,,,,,,
IT1:723_1040_DF_DCCV_RUOLOFAMCOND_4(1.0),A,ITE,INAC_Y25-64,PAC,M,Y25-64,ALL,TOTAL,N1_GE,TOTAL,2023,119.715,,,,,,,,,,,,,,,
IT1:723_1040_DF_DCCV_RUOLOFAMCOND_4(1.0),A,ITE,INAC_Y25-64,PAC,M,Y25-64,ALL,TOTAL,N2,TOTAL,2023,44.634,,,,,,,,,,,,,,,
IT1:723_1040_DF_DCCV_RUOLOFAMCOND_4(1.0),A,ITE,INAC_Y25-64,PAC,M,Y25-64,ALL,TOTAL,N3_GE,TOTAL,2023,8.551,,,,,,,,,,,,,,,
IT1:723_1040_DF_DCCV_RUOLOFAMCOND_4(1.0),A,ITE,INAC_Y25-64,PAC,T,Y25-64,ALL,TOTAL,N1,TOTAL,2023,304.601,,,,,,,,,,,,,,,
IT1:723_1040_DF_DCCV_RUOLOFAMCOND_4(1.0),A,ITE,INAC_Y25-64,PAC,T,Y25-64,ALL,TOTAL,N1_GE,TOTAL,2023,608.06,,,,,,,,,,,,,,,
IT1:723_1040_DF_DCCV_RUOLOFAMCOND_4(1.0),A,ITE,INAC_Y25-64,PAC,T,Y25-64,ALL,TOTAL,N2,TOTAL,2023,238.398,,,,,,,,,,,,,,,
IT1:723_1040_DF_DCCV_RUOLOFAMCOND_4(1.0),A,ITE,INAC_Y25-64,PAC,T,Y25-64,ALL,TOTAL,N3_GE,TOTAL,2023,65.061,,,,,,,,,,,,,,,
IT1:723_1040_DF_DCCV_RUOLOFAMCOND_4(1.0),A,ITE,UNEMP_Y25-64,PA,F,Y25-64,ALL,TOTAL,N1,TOTAL,2023,40.184,,,,,,,,,,,,,,,
IT1:723_1040_DF_DCCV_RUOLOFAMCOND_4(1.0),A,ITE,UNEMP_Y25-64,PA,F,Y25-64,ALL,TOTAL,N1_GE,TOTAL,2023,81.662,,,,,,,,,,,,,,,
IT1:723_1040_DF_DCCV_RUOLOFAMCOND_4(1.0),A,ITE,UNEMP_Y25-64,PA,F,Y25-64,ALL,TOTAL,N2,TOTAL,2023,33.788,,,,,,,,,,,,,,,
IT1:723_1040_DF_DCCV_RUOLOFAMCOND_4(1.0),A,ITE,UNEMP_Y25-64,PA,F,Y25-64,ALL,TOTAL,N3_GE,TOTAL,2023,7.69,,,,,,,,,,,,,,,
IT1:723_1040_DF_DCCV_RUOLOFAMCOND_4(1.0),A,ITE,UNEMP_Y25-64,PA,M,Y25-64,ALL,TOTAL,N1,TOTAL,2023,17.734,,,,,,,,,,,,,,,
IT1:723_1040_DF_DCCV_RUOLOFAMCOND_4(1.0),A,ITE,UNEMP_Y25-64,PA,M,Y25-64,ALL,TOTAL,N1_GE,TOTAL,2023,36.562,,,,,,,,,,,,,,,
IT1:723_1040_DF_DCCV_RUOLOFAMCOND_4(1.0),A,ITE,UNEMP_Y25-64,PA,M,Y25-64,ALL,TOTAL,N2,TOTAL,2023,15.865,,,,,,,,,,,,,,,
IT1:723_1040_DF_DCCV_RUOLOFAMCOND_4(1.0),A,ITE,UNEMP_Y25-64,PA,M,Y25-64,ALL,TOTAL,N3_GE,TOTAL,2023,2.963,,,,,,,,,,,,,,,
IT1:723_1040_DF_DCCV_RUOLOFAMCOND_4(1.0),A,ITE,UNEMP_Y25-64,PA,T,Y25-64,ALL,TOTAL,N1,TOTAL,2023,57.919,,,,,,,,,,,,,,,
IT1:723_1040_DF_DCCV_RUOLOFAMCOND_4(1.0),A,ITE,UNEMP_Y25-64,PA,T,Y25-64,ALL,TOTAL,N1_GE,TOTAL,2023,118.224,,,,,,,,,,,,,,,
IT1:723_1040_DF_DCCV_RUOLOFAMCOND_4(1.0),A,ITE,UNEMP_Y25-64,PA,T,Y25-64,ALL,TOTAL,N2,TOTAL,2023,49.653,,,,,,,,,,,,,,,
IT1:723_1040_DF_DCCV_RUOLOFAMCOND_4(1.0),A,ITE,UNEMP_Y25-64,PA,T,Y25-64,ALL,TOTAL,N3_GE,TOTAL,2023,10.652,,,,,,,,,,,,,,,
IT1:723_1040_DF_DCCV_RUOLOFAMCOND_4(1.0),A,ITE,UNEMP_Y25-64,PAC,F,Y25-64,ALL,TOTAL,N1,TOTAL,2023,24.475,,,,,,,,,,,,,,,
IT1:723_1040_DF_DCCV_RUOLOFAMCOND_4(1.0),A,ITE,UNEMP_Y25-64,PAC,F,Y25-64,ALL,TOTAL,N1_GE,TOTAL,2023,56.284,,,,,,,,,,,,,,,
IT1:723_1040_DF_DCCV_RUOLOFAMCOND_4(1.0),A,ITE,UNEMP_Y25-64,PAC,F,Y25-64,ALL,TOTAL,N2,TOTAL,2023,26.908,,,,,,,,,,,,,,,
IT1:723_1040_DF_DCCV_RUOLOFAMCOND_4(1.0),A,ITE,UNEMP_Y25-64,PAC,F,Y25-64,ALL,TOTAL,N3_GE,TOTAL,2023,4.9,,,,,,,,,,,,,,,
IT1:723_1040_DF_DCCV_RUOLOFAMCOND_4(1.0),A,ITE,UNEMP_Y25-64,PAC,M,Y25-64,ALL,TOTAL,N1,TOTAL,2023,16.307,,,,,,,,,,,,,,,
IT1:723_1040_DF_DCCV_RUOLOFAMCOND_4(1.0),A,ITE,UNEMP_Y25-64,PAC,M,Y25-64,ALL,TOTAL,N1_GE,TOTAL,2023,34.675,,,,,,,,,,,,,,,
IT1:723_1040_DF_DCCV_RUOLOFAMCOND_4(1.0),A,ITE,UNEMP_Y25-64,PAC,M,Y25-64,ALL,TOTAL,N2,TOTAL,2023,15.691,,,,,,,,,,,,,,,
IT1:723_1040_DF_DCCV_RUOLOFAMCOND_4(1.0),A,ITE,UNEMP_Y25-64,PAC,M,Y25-64,ALL,TOTAL,N3_GE,TOTAL,2023,2.676,,,,,,,,,,,,,,,
IT1:723_1040_DF_DCCV_RUOLOFAMCOND_4(1.0),A,ITE,UNEMP_Y25-64,PAC,T,Y25-64,ALL,TOTAL,N1,TOTAL,2023,40.782,,,,,,,,,,,,,,,
IT1:723_1040_DF_DCCV_RUOLOFAMCOND_4(1.0),A,ITE,UNEMP_Y25-64,PAC,T,Y25-64,ALL,TOTAL,N1_GE,TOTAL,2023,90.958,,,,,,,,,,,,,,,
IT1:723_1040_DF_DCCV_RUOLOFAMCOND_4(1.0),A,ITE,UNEMP_Y25-64,PAC,T,Y25-64,ALL,TOTAL,N2,TOTAL,2023,42.599,,,,,,,,,,,,,,,
IT1:723_1040_DF_DCCV_RUOLOFAMCOND_4(1.0),A,ITE,UNEMP_Y25-64,PAC,T,Y25-64,ALL,TOTAL,N3_GE,TOTAL,2023,7.577,,,,,,,,,,,,,,,
IT1:723_1040_DF_DCCV_RUOLOFAMCOND_4(1.0),A,ITFG,EMP_Y25-64,PA,F,Y25-64,ALL,TOTAL,N1,TOTAL,2023,571.732,,,,,,,,,,,,,,,
IT1:723_1040_DF_DCCV_RUOLOFAMCOND_4(1.0),A,ITFG,EMP_Y25-64,PA,F,Y25-64,ALL,TOTAL,N1_GE,TOTAL,2023,1293.465,,,,,,,,,,,,,,,
IT1:723_1040_DF_DCCV_RUOLOFAMCOND_4(1.0),A,ITFG,EMP_Y25-64,PA,F,Y25-64,ALL,TOTAL,N2,TOTAL,2023,614.347,,,,,,,,,,,,,,,
IT1:723_1040_DF_DCCV_RUOLOFAMCOND_4(1.0),A,ITFG,EMP_Y25-64,PA,F,Y25-64,ALL,TOTAL,N3_GE,TOTAL,2023,107.387,,,,,,,,,,,,,,,
IT1:723_1040_DF_DCCV_RUOLOFAMCOND_4(1.0),A,ITFG,EMP_Y25-64,PA,M,Y25-64,ALL,TOTAL,N1,TOTAL,2023,810.396,,,,,,,,,,,,,,,
IT1:723_1040_DF_DCCV_RUOLOFAMCOND_4(1.0),A,ITFG,EMP_Y25-64,PA,M,Y25-64,ALL,TOTAL,N1_GE,TOTAL,2023,2089.528,,,,,,,,,,,,,,,
IT1:723_1040_DF_DCCV_RUOLOFAMCOND_4(1.0),A,ITFG,EMP_Y25-64,PA,M,Y25-64,ALL,TOTAL,N2,TOTAL,2023,1046.799,,,,,,,,,,,,,,,
IT1:723_1040_DF_DCCV_RUOLOFAMCOND_4(1.0),A,ITFG,EMP_Y25-64,PA,M,Y25-64,ALL,TOTAL,N3_GE,TOTAL,2023,232.333,,,,,,,,,,,,,,,
IT1:723_1040_DF_DCCV_RUOLOFAMCOND_4(1.0),A,ITFG,EMP_Y25-64,PA,T,Y25-64,ALL,TOTAL,N1,TOTAL,2023,1382.128,,,,,,,,,,,,,,,
IT1:723_1040_DF_DCCV_RUOLOFAMCOND_4(1.0),A,ITFG,EMP_Y25-64,PA,T,Y25-64,ALL,TOTAL,N1_GE,TOTAL,2023,3382.993,,,,,,,,,,,,,,,
IT1:723_1040_DF_DCCV_RUOLOFAMCOND_4(1.0),A,ITFG,EMP_Y25-64,PA,T,Y25-64,ALL,TOTAL,N2,TOTAL,2023,1661.145,,,,,,,,,,,,,,,
IT1:723_1040_DF_DCCV_RUOLOFAMCOND_4(1.0),A,ITFG,EMP_Y25-64,PA,T,Y25-64,ALL,TOTAL,N3_GE,TOTAL,2023,339.72,,,,,,,,,,,,,,,
IT1:723_1040_DF_DCCV_RUOLOFAMCOND_4(1.0),A,ITFG,EMP_Y25-64,PAC,F,Y25-64,ALL,TOTAL,N1,TOTAL,2023,449.284,,,,,,,,,,,,,,,
IT1:723_1040_DF_DCCV_RUOLOFAMCOND_4(1.0),A,ITFG,EMP_Y25-64,PAC,F,Y25-64,ALL,TOTAL,N1_GE,TOTAL,2023,1083.156,,,,,,,,,,,,,,,
IT1:723_1040_DF_DCCV_RUOLOFAMCOND_4(1.0),A,ITFG,EMP_Y25-64,PAC,F,Y25-64,ALL,TOTAL,N2,TOTAL,2023,539.382,,,,,,,,,,,,,,,
IT1:723_1040_DF_DCCV_RUOLOFAMCOND_4(1.0),A,ITFG,EMP_Y25-64,PAC,F,Y25-64,ALL,TOTAL,N3_GE,TOTAL,2023,94.49,,,,,,,,,,,,,,,
IT1:723_1040_DF_DCCV_RUOLOFAMCOND_4(1.0),A,ITFG,EMP_Y25-64,PAC,M,Y25-64,ALL,TOTAL,N1,TOTAL,2023,774.633,,,,,,,,,,,,,,,
IT1:723_1040_DF_DCCV_RUOLOFAMCOND_4(1.0),A,ITFG,EMP_Y25-64,PAC,M,Y25-64,ALL,TOTAL,N1_GE,TOTAL,2023,2031.268,,,,,,,,,,,,,,,
IT1:723_1040_DF_DCCV_RUOLOFAMCOND_4(1.0),A,ITFG,EMP_Y25-64,PAC,M,Y25-64,ALL,TOTAL,N2,TOTAL,2023,1027.894,,,,,,,,,,,,,,,
IT1:723_1040_DF_DCCV_RUOLOFAMCOND_4(1.0),A,ITFG,EMP_Y25-64,PAC,M,Y25-64,ALL,TOTAL,N3_GE,TOTAL,2023,228.741,,,,,,,,,,,,,,,
IT1:723_1040_DF_DCCV_RUOLOFAMCOND_4(1.0),A,ITFG,EMP_Y25-64,PAC,T,Y25-64,ALL,TOTAL,N1,TOTAL,2023,1223.917,,,,,,,,,,,,,,,
IT1:723_1040_DF_DCCV_RUOLOFAMCOND_4(1.0),A,ITFG,EMP_Y25-64,PAC,T,Y25-64,ALL,TOTAL,N1_GE,TOTAL,2023,3114.424,,,,,,,,,,,,,,,
IT1:723_1040_DF_DCCV_RUOLOFAMCOND_4(1.0),A,ITFG,EMP_Y25-64,PAC,T,Y25-64,ALL,TOTAL,N2,TOTAL,2023,1567.276,,,,,,,,,,,,,,,
IT1:723_1040_DF_DCCV_RUOLOFAMCOND_4(1.0),A,ITFG,EMP_Y25-64,PAC,T,Y25-64,ALL,TOTAL,N3_GE,TOTAL,2023,323.231,,,,,,,,,,,,,,,
IT1:723_1040_DF_DCCV_RUOLOFAMCOND_4(1.0),A,ITFG,FOR_Y25-64,PA,F,Y25-64,ALL,TOTAL,N1,TOTAL,2023,663.88,,,,,,,,,,,,,,,
IT1:723_1040_DF_DCCV_RUOLOFAMCOND_4(1.0),A,ITFG,FOR_Y25-64,PA,F,Y25-64,ALL,TOTAL,N1_GE,TOTAL,2023,1496.065,,,,,,,,,,,,,,,
IT1:723_1040_DF_DCCV_RUOLOFAMCOND_4(1.0),A,ITFG,FOR_Y25-64,PA,F,Y25-64,ALL,TOTAL,N2,TOTAL,2023,701.273,,,,,,,,,,,,,,,
IT1:723_1040_DF_DCCV_RUOLOFAMCOND_4(1.0),A,ITFG,FOR_Y25-64,PA,F,Y25-64,ALL,TOTAL,N3_GE,TOTAL,2023,130.912,,,,,,,,,,,,,,,
IT1:723_1040_DF_DCCV_RUOLOFAMCOND_4(1.0),A,ITFG,FOR_Y25-64,PA,M,Y25-64,ALL,TOTAL,N1,TOTAL,2023,874.081,,,,,,,,,,,,,,,
IT1:723_1040_DF_DCCV_RUOLOFAMCOND_4(1.0),A,ITFG,FOR_Y25-64,PA,M,Y25-64,ALL,TOTAL,N1_GE,TOTAL,2023,2260.274,,,,,,,,,,,,,,,
IT1:723_1040_DF_DCCV_RUOLOFAMCOND_4(1.0),A,ITFG,FOR_Y25-64,PA,M,Y25-64,ALL,TOTAL,N2,TOTAL,2023,1127.906,,,,,,,,,,,,,,,
IT1:723_1040_DF_DCCV_RUOLOFAMCOND_4(1.0),A,ITFG,FOR_Y25-64,PA,M,Y25-64,ALL,TOTAL,N3_GE,TOTAL,2023,258.286,,,,,,,,,,,,,,,
IT1:723_1040_DF_DCCV_RUOLOFAMCOND_4(1.0),A,ITFG,FOR_Y25-64,PA,T,Y25-64,ALL,TOTAL,N1,TOTAL,2023,1537.962,,,,,,,,,,,,,,,
IT1:723_1040_DF_DCCV_RUOLOFAMCOND_4(1.0),A,ITFG,FOR_Y25-64,PA,T,Y25-64,ALL,TOTAL,N1_GE,TOTAL,2023,3756.339,,,,,,,,,,,,,,,
IT1:723_1040_DF_DCCV_RUOLOFAMCOND_4(1.0),A,ITFG,FOR_Y25-64,PA,T,Y25-64,ALL,TOTAL,N2,TOTAL,2023,1829.179,,,,,,,,,,,,,,,
IT1:723_1040_DF_DCCV_RUOLOFAMCOND_4(1.0),A,ITFG,FOR_Y25-64,PA,T,Y25-64,ALL,TOTAL,N3_GE,TOTAL,2023,389.198,,,,,,,,,,,,,,,
IT1:723_1040_DF_DCCV_RUOLOFAMCOND_4(1.0),A,ITFG,FOR_Y25-64,PAC,F,Y25-64,ALL,TOTAL,N1,TOTAL,2023,506.818,,,,,,,,,,,,,,,
IT1:723_1040_DF_DCCV_RUOLOFAMCOND_4(1.0),A,ITFG,FOR_Y25-64,PAC,F,Y25-64,ALL,TOTAL,N1_GE,TOTAL,2023,1226.219,,,,,,,,,,,,,,,
IT1:723_1040_DF_DCCV_RUOLOFAMCOND_4(1.0),A,ITFG,FOR_Y25-64,PAC,F,Y25-64,ALL,TOTAL,N2,TOTAL,2023,606.282,,,,,,,,,,,,,,,
IT1:723_1040_DF_DCCV_RUOLOFAMCOND_4(1.0),A,ITFG,FOR_Y25-64,PAC,F,Y25-64,ALL,TOTAL,N3_GE,TOTAL,2023,113.119,,,,,,,,,,,,,,,
IT1:723_1040_DF_DCCV_RUOLOFAMCOND_4(1.0),A,ITFG,FOR_Y25-64,PAC,M,Y25-64,ALL,TOTAL,N1,TOTAL,2023,833.437,,,,,,,,,,,,,,,
IT1:723_1040_DF_DCCV_RUOLOFAMCOND_4(1.0),A,ITFG,FOR_Y25-64,PAC,M,Y25-64,ALL,TOTAL,N1_GE,TOTAL,2023,2193.66,,,,,,,,,,,,,,,
IT1:723_1040_DF_DCCV_RUOLOFAMCOND_4(1.0),A,ITFG,FOR_Y25-64,PAC,M,Y25-64,ALL,TOTAL,N2,TOTAL,2023,1105.841,,,,,,,,,,,,,,,
IT1:723_1040_DF_DCCV_RUOLOFAMCOND_4(1.0),A,ITFG,FOR_Y25-64,PAC,M,Y25-64,ALL,TOTAL,N3_GE,TOTAL,2023,254.381,,,,,,,,,,,,,,,
IT1:723_1040_DF_DCCV_RUOLOFAMCOND_4(1.0),A,ITFG,FOR_Y25-64,PAC,T,Y25-64,ALL,TOTAL,N1,TOTAL,2023,1340.255,,,,,,,,,,,,,,,
IT1:723_1040_DF_DCCV_RUOLOFAMCOND_4(1.0),A,ITFG,FOR_Y25-64,PAC,T,Y25-64,ALL,TOTAL,N1_GE,TOTAL,2023,3419.879,,,,,,,,,,,,,,,
IT1:723_1040_DF_DCCV_RUOLOFAMCOND_4(1.0),A,ITFG,FOR_Y25-64,PAC,T,Y25-64,ALL,TOTAL,N2,TOTAL,2023,1712.123,,,,,,,,,,,,,,,
IT1:723_1040_DF_DCCV_RUOLOFAMCOND_4(1.0),A,ITFG,FOR_Y25-64,PAC,T,Y25-64,ALL,TOTAL,N3_GE,TOTAL,2023,367.5,,,,,,,,,,,,,,,
IT1:723_1040_DF_DCCV_RUOLOFAMCOND_4(1.0),A,ITFG,INAC_Y25-64,PA,F,Y25-64,ALL,TOTAL,N1,TOTAL,2023,750.942,,,,,,,,,,,,,,,
IT1:723_1040_DF_DCCV_RUOLOFAMCOND_4(1.0),A,ITFG,INAC_Y25-64,PA,F,Y25-64,ALL,TOTAL,N1_GE,TOTAL,2023,1751.227,,,,,,,,,,,,,,,
IT1:723_1040_DF_DCCV_RUOLOFAMCOND_4(1.0),A,ITFG,INAC_Y25-64,PA,F,Y25-64,ALL,TOTAL,N2,TOTAL,2023,766.044,,,,,,,,,,,,,,,
IT1:723_1040_DF_DCCV_RUOLOFAMCOND_4(1.0),A,ITFG,INAC_Y25-64,PA,F,Y25-64,ALL,TOTAL,N3_GE,TOTAL,2023,234.241,,,,,,,,,,,,,,,
IT1:723_1040_DF_DCCV_RUOLOFAMCOND_4(1.0),A,ITFG,INAC_Y25-64,PA,M,Y25-64,ALL,TOTAL,N1,TOTAL,2023,190.175,,,,,,,,,,,,,,,
IT1:723_1040_DF_DCCV_RUOLOFAMCOND_4(1.0),A,ITFG,INAC_Y25-64,PA,M,Y25-64,ALL,TOTAL,N1_GE,TOTAL,2023,400.329,,,,,,,,,,,,,,,
IT1:723_1040_DF_DCCV_RUOLOFAMCOND_4(1.0),A,ITFG,INAC_Y25-64,PA,M,Y25-64,ALL,TOTAL,N2,TOTAL,2023,148.851,,,,,,,,,,,,,,,
IT1:723_1040_DF_DCCV_RUOLOFAMCOND_4(1.0),A,ITFG,INAC_Y25-64,PA,M,Y25-64,ALL,TOTAL,N3_GE,TOTAL,2023,61.303,,,,,,,,,,,,,,,
IT1:723_1040_DF_DCCV_RUOLOFAMCOND_4(1.0),A,ITFG,INAC_Y25-64,PA,T,Y25-64,ALL,TOTAL,N1,TOTAL,2023,941.117,,,,,,,,,,,,,,,
IT1:723_1040_DF_DCCV_RUOLOFAMCOND_4(1.0),A,ITFG,INAC_Y25-64,PA,T,Y25-64,ALL,TOTAL,N1_GE,TOTAL,2023,2151.556,,,,,,,,,,,,,,,
IT1:723_1040_DF_DCCV_RUOLOFAMCOND_4(1.0),A,ITFG,INAC_Y25-64,PA,T,Y25-64,ALL,TOTAL,N2,TOTAL,2023,914.895,,,,,,,,,,,,,,,
IT1:723_1040_DF_DCCV_RUOLOFAMCOND_4(1.0),A,ITFG,INAC_Y25-64,PA,T,Y25-64,ALL,TOTAL,N3_GE,TOTAL,2023,295.545,,,,,,,,,,,,,,,
IT1:723_1040_DF_DCCV_RUOLOFAMCOND_4(1.0),A,ITFG,INAC_Y25-64,PAC,F,Y25-64,ALL,TOTAL,N1,TOTAL,2023,622.328,,,,,,,,,,,,,,,
IT1:723_1040_DF_DCCV_RUOLOFAMCOND_4(1.0),A,ITFG,INAC_Y25-64,PAC,F,Y25-64,ALL,TOTAL,N1_GE,TOTAL,2023,1521.3,,,,,,,,,,,,,,,
IT1:723_1040_DF_DCCV_RUOLOFAMCOND_4(1.0),A,ITFG,INAC_Y25-64,PAC,F,Y25-64,ALL,TOTAL,N2,TOTAL,2023,690.15,,,,,,,,,,,,,,,
IT1:723_1040_DF_DCCV_RUOLOFAMCOND_4(1.0),A,ITFG,INAC_Y25-64,PAC,F,Y25-64,ALL,TOTAL,N3_GE,TOTAL,2023,208.822,,,,,,,,,,,,,,,
IT1:723_1040_DF_DCCV_RUOLOFAMCOND_4(1.0),A,ITFG,INAC_Y25-64,PAC,M,Y25-64,ALL,TOTAL,N1,TOTAL,2023,177.264,,,,,,,,,,,,,,,
IT1:723_1040_DF_DCCV_RUOLOFAMCOND_4(1.0),A,ITFG,INAC_Y25-64,PAC,M,Y25-64,ALL,TOTAL,N1_GE,TOTAL,2023,381.267,,,,,,,,,,,,,,,
IT1:723_1040_DF_DCCV_RUOLOFAMCOND_4(1.0),A,ITFG,INAC_Y25-64,PAC,M,Y25-64,ALL,TOTAL,N2,TOTAL,2023,144.116,,,,,,,,,,,,,,,
IT1:723_1040_DF_DCCV_RUOLOFAMCOND_4(1.0),A,ITFG,INAC_Y25-64,PAC,M,Y25-64,ALL,TOTAL,N3_GE,TOTAL,2023,59.887,,,,,,,,,,,,,,,
IT1:723_1040_DF_DCCV_RUOLOFAMCOND_4(1.0),A,ITFG,INAC_Y25-64,PAC,T,Y25-64,ALL,TOTAL,N1,TOTAL,2023,799.592,,,,,,,,,,,,,,,
IT1:723_1040_DF_DCCV_RUOLOFAMCOND_4(1.0),A,ITFG,INAC_Y25-64,PAC,T,Y25-64,ALL,TOTAL,N1_GE,TOTAL,2023,1902.567,,,,,,,,,,,,,,,
IT1:723_1040_DF_DCCV_RUOLOFAMCOND_4(1.0),A,ITFG,INAC_Y25-64,PAC,T,Y25-64,ALL,TOTAL,N2,TOTAL,2023,834.266,,,,,,,,,,,,,,,
IT1:723_1040_DF_DCCV_RUOLOFAMCOND_4(1.0),A,ITFG,INAC_Y25-64,PAC,T,Y25-64,ALL,TOTAL,N3_GE,TOTAL,2023,268.709,,,,,,,,,,,,,,,
IT1:723_1040_DF_DCCV_RUOLOFAMCOND_4(1.0),A,ITFG,UNEMP_Y25-64,PA,F,Y25-64,ALL,TOTAL,N1,TOTAL,2023,92.149,,,,,,,,,,,,,,,
IT1:723_1040_DF_DCCV_RUOLOFAMCOND_4(1.0),A,ITFG,UNEMP_Y25-64,PA,F,Y25-64,ALL,TOTAL,N1_GE,TOTAL,2023,202.6,,,,,,,,,,,,,,,
IT1:723_1040_DF_DCCV_RUOLOFAMCOND_4(1.0),A,ITFG,UNEMP_Y25-64,PA,F,Y25-64,ALL,TOTAL,N2,TOTAL,2023,86.926,,,,,,,,,,,,,,,
IT1:723_1040_DF_DCCV_RUOLOFAMCOND_4(1.0),A,ITFG,UNEMP_Y25-64,PA,F,Y25-64,ALL,TOTAL,N3_GE,TOTAL,2023,23.525,,,,,,,,,,,,,,,
IT1:723_1040_DF_DCCV_RUOLOFAMCOND_4(1.0),A,ITFG,UNEMP_Y25-64,PA,M,Y25-64,ALL,TOTAL,N1,TOTAL,2023,63.685,,,,,,,,,,,,,,,
IT1:723_1040_DF_DCCV_RUOLOFAMCOND_4(1.0),A,ITFG,UNEMP_Y25-64,PA,M,Y25-64,ALL,TOTAL,N1_GE,TOTAL,2023,170.746,,,,,,,,,,,,,,,
IT1:723_1040_DF_DCCV_RUOLOFAMCOND_4(1.0),A,ITFG,UNEMP_Y25-64,PA,M,Y25-64,ALL,TOTAL,N2,TOTAL,2023,81.107,,,,,,,,,,,,,,,
IT1:723_1040_DF_DCCV_RUOLOFAMCOND_4(1.0),A,ITFG,UNEMP_Y25-64,PA,M,Y25-64,ALL,TOTAL,N3_GE,TOTAL,2023,25.953,,,,,,,,,,,,,,,
IT1:723_1040_DF_DCCV_RUOLOFAMCOND_4(1.0),A,ITFG,UNEMP_Y25-64,PA,T,Y25-64,ALL,TOTAL,N1,TOTAL,2023,155.834,,,,,,,,,,,,,,,
IT1:723_1040_DF_DCCV_RUOLOFAMCOND_4(1.0),A,ITFG,UNEMP_Y25-64,PA,T,Y25-64,ALL,TOTAL,N1_GE,TOTAL,2023,373.345,,,,,,,,,,,,,,,
IT1:723_1040_DF_DCCV_RUOLOFAMCOND_4(1.0),A,ITFG,UNEMP_Y25-64,PA,T,Y25-64,ALL,TOTAL,N2,TOTAL,2023,168.034,,,,,,,,,,,,,,,
IT1:723_1040_DF_DCCV_RUOLOFAMCOND_4(1.0),A,ITFG,UNEMP_Y25-64,PA,T,Y25-64,ALL,TOTAL,N3_GE,TOTAL,2023,49.478,,,,,,,,,,,,,,,
IT1:723_1040_DF_DCCV_RUOLOFAMCOND_4(1.0),A,ITFG,UNEMP_Y25-64,PAC,F,Y25-64,ALL,TOTAL,N1,TOTAL,2023,57.535,,,,,,,,,,,,,,,
IT1:723_1040_DF_DCCV_RUOLOFAMCOND_4(1.0),A,ITFG,UNEMP_Y25-64,PAC,F,Y25-64,ALL,TOTAL,N1_GE,TOTAL,2023,143.063,,,,,,,,,,,,,,,
IT1:723_1040_DF_DCCV_RUOLOFAMCOND_4(1.0),A,ITFG,UNEMP_Y25-64,PAC,F,Y25-64,ALL,TOTAL,N2,TOTAL,2023,66.9,,,,,,,,,,,,,,,
IT1:723_1040_DF_DCCV_RUOLOFAMCOND_4(1.0),A,ITFG,UNEMP_Y25-64,PAC,F,Y25-64,ALL,TOTAL,N3_GE,TOTAL,2023,18.628,,,,,,,,,,,,,,,
IT1:723_1040_DF_DCCV_RUOLOFAMCOND_4(1.0),A,ITFG,UNEMP_Y25-64,PAC,M,Y25-64,ALL,TOTAL,N1,TOTAL,2023,58.804,,,,,,,,,,,,,,,
IT1:723_1040_DF_DCCV_RUOLOFAMCOND_4(1.0),A,ITFG,UNEMP_Y25-64,PAC,M,Y25-64,ALL,TOTAL,N1_GE,TOTAL,2023,162.392,,,,,,,,,,,,,,,
IT1:723_1040_DF_DCCV_RUOLOFAMCOND_4(1.0),A,ITFG,UNEMP_Y25-64,PAC,M,Y25-64,ALL,TOTAL,N2,TOTAL,2023,77.948,,,,,,,,,,,,,,,
IT1:723_1040_DF_DCCV_RUOLOFAMCOND_4(1.0),A,ITFG,UNEMP_Y25-64,PAC,M,Y25-64,ALL,TOTAL,N3_GE,TOTAL,2023,25.64,,,,,,,,,,,,,,,
IT1:723_1040_DF_DCCV_RUOLOFAMCOND_4(1.0),A,ITFG,UNEMP_Y25-64,PAC,T,Y25-64,ALL,TOTAL,N1,TOTAL,2023,116.339,,,,,,,,,,,,,,,
IT1:723_1040_DF_DCCV_RUOLOFAMCOND_4(1.0),A,ITFG,UNEMP_Y25-64,PAC,T,Y25-64,ALL,TOTAL,N1_GE,TOTAL,2023,305.455,,,,,,,,,,,,,,,
IT1:723_1040_DF_DCCV_RUOLOFAMCOND_4(1.0),A,ITFG,UNEMP_Y25-64,PAC,T,Y25-64,ALL,TOTAL,N2,TOTAL,2023,144.848,,,,,,,,,,,,,,,
IT1:723_1040_DF_DCCV_RUOLOFAMCOND_4(1.0),A,ITFG,UNEMP_Y25-64,PAC,T,Y25-64,ALL,TOTAL,N3_GE,TOTAL,2023,44.269,,,,,,,,,,,,,,,
